Workbook
Name W_AW: 'Metodologi Skor'!$C$5
Name W_CV: 'Metodologi Skor'!$C$6
Name W_SH: 'Metodologi Skor'!$C$7
Name W_GAYA_WOW: 'Ringkasan Gaya'!$C$15
Name W_GAYA_MEREK: 'Ringkasan Gaya'!$C$16
Name W_GAYA_MUDAH: 'Ringkasan Gaya'!$C$17

Sheet Ringkasan
A1: Rancangan Iklan & Video Privasimu: Q4 2026 → PP 33 berlaku (16 Jan 2027)
A2: Isi: 1 flow unggulan "semua modul" (± 3 menit, dengan versi 60 & 30 dtk) · 22 video modul · 32 video pendek 5/10/15 dtk · 48 konsep iklan meme · 253 gaya motion graphic (7 keluarga) · 33 frasa hook. Setiap video punya hook (reverse psychology / relate / anomali / logika dipatahkan) dan lokasi screenshot per adegan. Dibuat 29 Sep 2026, diperbarui 30 Sep 2026. Yang sudah jadi video: N01–N11, M01, M02, A22, T01–T03, GB05 (lihat kolom Status di Katalog Gaya).
A4: Sheet | B4: Isi
A5: Ringkasan Gaya | B5: Peta 253 gaya motion graphic dalam 7 keluarga: jumlah per status, bobot skor, cara membaca, dan 10 teratas tipografi & grafis-bentuk.
A6: Katalog Gaya | B6: Daftar lengkap gaya: tampilan, status, skor, video usulan (hook, alur, komposisi edukasi vs meme), modul, aset layar, teknik, catatan.
A7: Hook Frasa Viral | B7: 33 frasa pemancing (politik, warganet, kantor, suara meme) + aturan pakai aman dan tingkat risikonya.
A8: Flow Semua Modul | B8: Flow unggulan "Perjalanan Satu Data": semua modul dalam satu video (± 3 menit), per adegan + screenshot. Kolom terakhir menandai adegan untuk versi 60 & 30 dtk.
A9: Daftar Video Modul | B9: Ringkasan 22 video modul: judul, hook & jenisnya, target, pesan, CTA, dasar klaim, status screenshot.
A10: Flow per Modul | B10: Flow adegan per video modul: waktu, visual, path screenshot, crop/sorot/blur, teks layar, VO, SFX.
A11: Video Pendek 5-10-15 | B11: 32 video pendek (bumper 5 dtk, 10 dtk, 15 dtk), meme & serius.
A12: Rancangan Ads Meme | B12: 48 konsep iklan meme dengan skor Awareness · Convert · Share (bobot bisa diubah).
A13: Screenshot per Modul | B13: Inventaris screenshot: path, isi, status, catatan blur; daftar screenshot yang perlu diambil baru.
A14: Bank Sound Meme | B14: Hasil cek myinstants + versi aman tiap suara (synth / rekaman tim).
A15: Efek VO | B15: Preset efek suara VO (berat, tupai, telepon, toa, robot, gema, bisik, dll.).
... A18: Metodologi Skor | B18: Bobot skor, kriteria, 4 jenis hook, KPI validasi.
A20: Urutan produksi yang disarankan
A21: 1. Flow unggulan "Perjalanan Satu Data" (3 menit) + potongan 60 & 30 dtk: fondasi kampanye.
A22: 2. Video modul 10 produk inti di landing page: M02 GAP, M04 RoPA, M05 DPIA, M07 DSR, M08 Consent & Cookie, M13 Pihak Ketiga, M14 Transfer Lintas Negara, M11 Insiden, M15 Data Discovery, M19 Priva AI.
A23: 3. Video pendek dari potongan N11 & modul (P01–P32) untuk ritme harian.
A24: 4. Modul lain (M01, M03, M06, M09, M10, M12, M16–M18, M20–M22), dengan mengambil screenshot baru dulu bila statusnya "PERLU SCREENSHOT BARU".
A26: Catatan penting
A27: • Screenshot yang dirujuk adalah tampilan frontend LAMA (sesuai arahan: boleh dipakai). Path relatif dari D:\AI\privasimu.
A28: • JANGAN pakai: dataroom/02-superadmin/holding-dashboard/* (nama perusahaan nyata), dsr/01-overview (merek bank nyata), tabel cookie (nama layanan & domain nyata), data-discovery/03-system-detail (form kredensial), bagian "DPO / Team" di ropa/03 (email).
A29: • myinstants.com: hanya untuk pemakaian pribadi & nonkomersial → file aslinya tidak dipakai. "FAAAH" dkk. direkam ulang tim atau dibuat dengan ElevenLabs (paket berbayar).
A30: • Suara TTS sekarang (edge-tts) hanya placeholder. Untuk logat Indonesia natural: ElevenLabs, Prosa.ai, atau Google Chirp 3 HD (sheet Opsi TTS).
A31: • Klaim produk mengacu fakta_produk.json, katalog modul, dan tampilan aplikasi (kolom "Dasar fakta"). Tokoh (mis. Rina) & angka lucu adalah ilustrasi. Promo "Start Pre Check (gratis)" & "konsultasi gratis": cek masih berlaku.
A33: Top 10 konsep meme (skor total, bobot awal 35/35/30)
A34: # | B34: ID | C34: Judul | D34: Jenis hook | E34: Skor | F34: Status
A35: 1 | B35: A22 | C35: Rekap Tahunan DPO 2026 | D35: Relate | E35: 8.2 | F35: Baru
A36: 2 | B36: A47 | C36: Roasting RoPA (live) | D36: Reverse psychology | E36: 8 | F36: Baru
A37: 3 | B37: A48 | C37: #RoPA60Detik challenge | D37: Reverse psychology | E37: 8 | F37: Baru
A38: 4 | B38: A02 | C38: Astaga, bercanda (Pak Bos edition) | D38: Relate | E38: 7.9 | F38: Sudah jadi (potongan N11)
A39: 5 | B39: A09 | C39: Nobody: / Marketing jam 5 sore | D39: Relate | E39: 7.9 | F39: Baru (kit, mirip N05)
A40: 6 | B40: A01 | C40: FAAAH: RoPA-nya masih Excel | D40: Relate | E40: 7.7 | F40: Bisa dibuat dari kit (varian N04)
A41: 7 | B41: A04 | C41: Orang have vs haven't vs not yet | D41: Relate | E41: 7.7 | F41: Sudah jadi (potongan N11)
A42: 8 | B42: A08 | C42: EMOTIONAL DAMAGE: denda 2% | D42: Anomali | E42: 7.7 | F42: Baru (kit)
A43: 9 | B43: A21 | C43: Day in the life of a DPO (versi jujur) | D43: Relate | E43: 7.7 | F43: Baru
A44: 10 | B44: A24 | C44: Resolusi 2027: patuh PP 33 | D44: Logika dipatahkan | E44: 7.7 | F44: Baru

Sheet Ringkasan Gaya
A1: Peta gaya motion graphic: 7 keluarga
A2: 253 gaya, masing-masing dengan usulan video (hook, alur, modul, komposisi edukasi vs meme). Urutan produksi: one-line art dulu (permintaan), lalu SEMUA tipografi, lalu SEMUA grafis & bentuk, baru keluarga lain. Daftar lengkap di sheet "Katalog Gaya" (saring kolom Keluarga, urutkan kolom Peringkat).
A4: Kode | B4: Keluarga | C4: Ciri | D4: Gelombang | E4: Jumlah gaya | F4: Sudah dipakai | G4: Bisa | H4: Berat | I4: Tidak cocok | J4: Rata-rata wow
A5: TY | B5: Tipografi | C5: Huruf jadi bintang utama; hampir tanpa gambar. | D5: 1 | E5: =COUNTIF('Katalog Gaya'!$B$2:$B$254,B5) | F5: =COUNTIFS('Katalog Gaya'!$B$2:$B$254,$B5,'Katalog Gaya'!$E$2:$E$254,"Sudah") | G5: =COUNTIFS('Katalog Gaya'!$B$2:$B$254,$B5,'Katalog Gaya'!$E$2:$E$254,"Bisa") | H5: =COUNTIFS('Katalog Gaya'!$B$2:$B$254,$B5,'Katalog Gaya'!$E$2:$E$254,"Berat") | I5: =COUNTIFS('Katalog Gaya'!$B$2:$B$254,$B5,'Katalog Gaya'!$E$2:$E$254,"Tidak cocok") | J5: =ROUND(AVERAGEIF('Katalog Gaya'!$B$2:$B$254,B5,'Katalog Gaya'!$H$2:$H$254),1)
A6: GB | B6: Grafis & bentuk | C6: Bentuk, garis, dan diagram yang bercerita. | D6: 2 | E6: =COUNTIF('Katalog Gaya'!$B$2:$B$254,B6) | F6: =COUNTIFS('Katalog Gaya'!$B$2:$B$254,$B6,'Katalog Gaya'!$E$2:$E$254,"Sudah") | G6: =COUNTIFS('Katalog Gaya'!$B$2:$B$254,$B6,'Katalog Gaya'!$E$2:$E$254,"Bisa") | H6: =COUNTIFS('Katalog Gaya'!$B$2:$B$254,$B6,'Katalog Gaya'!$E$2:$E$254,"Berat") | I6: =COUNTIFS('Katalog Gaya'!$B$2:$B$254,$B6,'Katalog Gaya'!$E$2:$E$254,"Tidak cocok") | J6: =ROUND(AVERAGEIF('Katalog Gaya'!$B$2:$B$254,B6,'Katalog Gaya'!$H$2:$H$254),1)
A7: CR | B7: Craft (buatan tangan) | C7: Tekstur kertas, tinta, dan benda nyata. | D7: 3 | E7: =COUNTIF('Katalog Gaya'!$B$2:$B$254,B7) | F7: =COUNTIFS('Katalog Gaya'!$B$2:$B$254,$B7,'Katalog Gaya'!$E$2:$E$254,"Sudah") | G7: =COUNTIFS('Katalog Gaya'!$B$2:$B$254,$B7,'Katalog Gaya'!$E$2:$E$254,"Bisa") | H7: =COUNTIFS('Katalog Gaya'!$B$2:$B$254,$B7,'Katalog Gaya'!$E$2:$E$254,"Berat") | I7: =COUNTIFS('Katalog Gaya'!$B$2:$B$254,$B7,'Katalog Gaya'!$E$2:$E$254,"Tidak cocok") | J7: =ROUND(AVERAGEIF('Katalog Gaya'!$B$2:$B$254,B7,'Katalog Gaya'!$H$2:$H$254),1)
A8: UI | B8: Layar & UI | C8: Cerita terjadi di layar: aplikasi, chat, desktop. | D8: 4 | E8: =COUNTIF('Katalog Gaya'!$B$2:$B$254,B8) | F8: =COUNTIFS('Katalog Gaya'!$B$2:$B$254,$B8,'Katalog Gaya'!$E$2:$E$254,"Sudah") | G8: =COUNTIFS('Katalog Gaya'!$B$2:$B$254,$B8,'Katalog Gaya'!$E$2:$E$254,"Bisa") | H8: =COUNTIFS('Katalog Gaya'!$B$2:$B$254,$B8,'Katalog Gaya'!$E$2:$E$254,"Berat") | I8: =COUNTIFS('Katalog Gaya'!$B$2:$B$254,$B8,'Katalog Gaya'!$E$2:$E$254,"Tidak cocok") | J8: =ROUND(AVERAGEIF('Katalog Gaya'!$B$2:$B$254,B8,'Katalog Gaya'!$H$2:$H$254),1)
A9: SN | B9: Sinematik & retro | C9: Suasana film, cahaya, dan nostalgia. | D9: 5 | E9: =COUNTIF('Katalog Gaya'!$B$2:$B$254,B9) | F9: =COUNTIFS('Katalog Gaya'!$B$2:$B$254,$B9,'Katalog Gaya'!$E$2:$E$254,"Sudah") | G9: =COUNTIFS('Katalog Gaya'!$B$2:$B$254,$B9,'Katalog Gaya'!$E$2:$E$254,"Bisa") | H9: =COUNTIFS('Katalog Gaya'!$B$2:$B$254,$B9,'Katalog Gaya'!$E$2:$E$254,"Berat") | I9: =COUNTIFS('Katalog Gaya'!$B$2:$B$254,$B9,'Katalog Gaya'!$E$2:$E$254,"Tidak cocok") | J9: =ROUND(AVERAGEIF('Katalog Gaya'!$B$2:$B$254,B9,'Katalog Gaya'!$H$2:$H$254),1)
A10: PF | B10: Parodi format | C10: Format sehari-hari yang dipelesetkan. | D10: 6 | E10: =COUNTIF('Katalog Gaya'!$B$2:$B$254,B10) | F10: =COUNTIFS('Katalog Gaya'!$B$2:$B$254,$B10,'Katalog Gaya'!$E$2:$E$254,"Sudah") | G10: =COUNTIFS('Katalog Gaya'!$B$2:$B$254,$B10,'Katalog Gaya'!$E$2:$E$254,"Bisa") | H10: =COUNTIFS('Katalog Gaya'!$B$2:$B$254,$B10,'Katalog Gaya'!$E$2:$E$254,"Berat") | I10: =COUNTIFS('Katalog Gaya'!$B$2:$B$254,$B10,'Katalog Gaya'!$E$2:$E$254,"Tidak cocok") | J10: =ROUND(AVERAGEIF('Katalog Gaya'!$B$2:$B$254,B10,'Katalog Gaya'!$H$2:$H$254),1)
A11: SE | B11: Struktur edit | C11: Cara menyusun cerita; bisa digabung dengan gaya mana pun. | D11: 7 | E11: =COUNTIF('Katalog Gaya'!$B$2:$B$254,B11) | F11: =COUNTIFS('Katalog Gaya'!$B$2:$B$254,$B11,'Katalog Gaya'!$E$2:$E$254,"Sudah") | G11: =COUNTIFS('Katalog Gaya'!$B$2:$B$254,$B11,'Katalog Gaya'!$E$2:$E$254,"Bisa") | H11: =COUNTIFS('Katalog Gaya'!$B$2:$B$254,$B11,'Katalog Gaya'!$E$2:$E$254,"Berat") | I11: =COUNTIFS('Katalog Gaya'!$B$2:$B$254,$B11,'Katalog Gaya'!$E$2:$E$254,"Tidak cocok") | J11: =ROUND(AVERAGEIF('Katalog Gaya'!$B$2:$B$254,B11,'Katalog Gaya'!$H$2:$H$254),1)
B12: TOTAL | E12: =SUM(E5:E11) | F12: =SUM(F5:F11) | G12: =SUM(G5:G11) | H12: =SUM(H5:H11) | I12: =SUM(I5:I11) | J12: =ROUND(AVERAGE('Katalog Gaya'!$H$2:$H$254),1)
A14: Bobot skor prioritas (ubah angka di kolom C; skor & peringkat di "Katalog Gaya" ikut berubah)
B15: Wow (daya tarik visual) | C15: 0.45 | D15: Seberapa kuat gaya ini menghentikan scroll.
B16: Cocok merek | C16: 0.35 | D16: Seberapa pas untuk merek B2B yang serius.
B17: Mudah dibuat | C17: 0.2 | D17: Dari kolom Upaya: upaya 1 = nilai 9, upaya 5 = nilai 1 (rumus 11 − 2 × upaya).
B18: Total bobot | C18: =SUM(C15:C17)
A20: Cara membaca
B21: Status | C21: Sudah = sudah dipakai di video yang ada · Bisa = bisa dibuat dengan mesin sekarang · Berat = bisa, tapi butuh waktu/aset lebih · Tidak cocok = butuh footage asli, 3D, ilustrator, atau izin.
B22: Upaya | C22: 1 = beberapa jam kerja · 3 = sekelas video T01–T03 · 5 = paling berat (banyak objek atau 3D semu).
B23: Komposisi | C23: Porsi durasi untuk hiburan/format meme vs penjelasan & bukti produk. Ubah kolom "Meme %"; kolom Edukasi & Komposisi mengikuti. 0% = murni edukasi, 100% = full meme.
B24: Gelombang | C24: 0 = dikerjakan pertama (one-line art) · 1 = tipografi · 2 = grafis & bentuk · 3–7 = keluarga lain. Di dalam satu gelombang, ikuti kolom Peringkat.
B25: Skor | C25: Skor wow, cocok merek, dan upaya adalah ESTIMASI EDITORIAL, bukan data. Validasi dengan uji tayang.
B26: Aturan isi | C26: Fitur hanya dari fakta_produk.json/screenshot asli · angka di hook yang bukan fakta = ilustrasi (diberi label) · "pihak ketiga", bukan "vendor" · tanpa wajah/suara/nama tokoh nyata dan tanpa merek pihak lain.
A28: Urutan produksi: 10 teratas tiap gelombang prioritas (mengikuti skor; berubah otomatis bila bobot/skor diubah)
A29: # | B29: Tipografi: gaya | C29: Video usulan | D29: Komposisi | E29: Skor | F29: # | G29: Grafis & bentuk: gaya | H29: Video usulan | I29: Komposisi | J29: Skor
A30: 1 | B30: =IFERROR(INDEX('Katalog Gaya'!$C$2:$C$254,MATCH("Tipografi|"&1,'Katalog Gaya'!$AB$2:$AB$254,0)),"") | C30: =IFERROR(INDEX('Katalog Gaya'!$M$2:$M$254,MATCH("Tipografi|"&1,'Katalog Gaya'!$AB$2:$AB$254,0)),"") | D30: =IFERROR(INDEX('Katalog Gaya'!$S$2:$S$254,MATCH("Tipografi|"&1,'Katalog Gaya'!$AB$2:$AB$254,0)),"") | E30: =IFERROR(INDEX('Katalog Gaya'!$J$2:$J$254,MATCH("Tipografi|"&1,'Katalog Gaya'!$AB$2:$AB$254,0)),"") | F30: 1 | G30: =IFERROR(INDEX('Katalog Gaya'!$C$2:$C$254,MATCH("Grafis & bentuk|"&1,'Katalog Gaya'!$AB$2:$AB$254,0)),"") | H30: =IFERROR(INDEX('Katalog Gaya'!$M$2:$M$254,MATCH("Grafis & bentuk|"&1,'Katalog Gaya'!$AB$2:$AB$254,0)),"") | I30: =IFERROR(INDEX('Katalog Gaya'!$S$2:$S$254,MATCH("Grafis & bentuk|"&1,'Katalog Gaya'!$AB$2:$AB$254,0)),"") | J30: =IFERROR(INDEX('Katalog Gaya'!$J$2:$J$254,MATCH("Grafis & bentuk|"&1,'Katalog Gaya'!$AB$2:$AB$254,0)),"")
A31: 2 | B31: =IFERROR(INDEX('Katalog Gaya'!$C$2:$C$254,MATCH("Tipografi|"&2,'Katalog Gaya'!$AB$2:$AB$254,0)),"") | C31: =IFERROR(INDEX('Katalog Gaya'!$M$2:$M$254,MATCH("Tipografi|"&2,'Katalog Gaya'!$AB$2:$AB$254,0)),"") | D31: =IFERROR(INDEX('Katalog Gaya'!$S$2:$S$254,MATCH("Tipografi|"&2,'Katalog Gaya'!$AB$2:$AB$254,0)),"") | E31: =IFERROR(INDEX('Katalog Gaya'!$J$2:$J$254,MATCH("Tipografi|"&2,'Katalog Gaya'!$AB$2:$AB$254,0)),"") | F31: 2 | G31: =IFERROR(INDEX('Katalog Gaya'!$C$2:$C$254,MATCH("Grafis & bentuk|"&2,'Katalog Gaya'!$AB$2:$AB$254,0)),"") | H31: =IFERROR(INDEX('Katalog Gaya'!$M$2:$M$254,MATCH("Grafis & bentuk|"&2,'Katalog Gaya'!$AB$2:$AB$254,0)),"") | I31: =IFERROR(INDEX('Katalog Gaya'!$S$2:$S$254,MATCH("Grafis & bentuk|"&2,'Katalog Gaya'!$AB$2:$AB$254,0)),"") | J31: =IFERROR(INDEX('Katalog Gaya'!$J$2:$J$254,MATCH("Grafis & bentuk|"&2,'Katalog Gaya'!$AB$2:$AB$254,0)),"")
A32: 3 | B32: =IFERROR(INDEX('Katalog Gaya'!$C$2:$C$254,MATCH("Tipografi|"&3,'Katalog Gaya'!$AB$2:$AB$254,0)),"") | C32: =IFERROR(INDEX('Katalog Gaya'!$M$2:$M$254,MATCH("Tipografi|"&3,'Katalog Gaya'!$AB$2:$AB$254,0)),"") | D32: =IFERROR(INDEX('Katalog Gaya'!$S$2:$S$254,MATCH("Tipografi|"&3,'Katalog Gaya'!$AB$2:$AB$254,0)),"") | E32: =IFERROR(INDEX('Katalog Gaya'!$J$2:$J$254,MATCH("Tipografi|"&3,'Katalog Gaya'!$AB$2:$AB$254,0)),"") | F32: 3 | G32: =IFERROR(INDEX('Katalog Gaya'!$C$2:$C$254,MATCH("Grafis & bentuk|"&3,'Katalog Gaya'!$AB$2:$AB$254,0)),"") | H32: =IFERROR(INDEX('Katalog Gaya'!$M$2:$M$254,MATCH("Grafis & bentuk|"&3,'Katalog Gaya'!$AB$2:$AB$254,0)),"") | I32: =IFERROR(INDEX('Katalog Gaya'!$S$2:$S$254,MATCH("Grafis & bentuk|"&3,'Katalog Gaya'!$AB$2:$AB$254,0)),"") | J32: =IFERROR(INDEX('Katalog Gaya'!$J$2:$J$254,MATCH("Grafis & bentuk|"&3,'Katalog Gaya'!$AB$2:$AB$254,0)),"")
A33: 4 | B33: =IFERROR(INDEX('Katalog Gaya'!$C$2:$C$254,MATCH("Tipografi|"&4,'Katalog Gaya'!$AB$2:$AB$254,0)),"") | C33: =IFERROR(INDEX('Katalog Gaya'!$M$2:$M$254,MATCH("Tipografi|"&4,'Katalog Gaya'!$AB$2:$AB$254,0)),"") | D33: =IFERROR(INDEX('Katalog Gaya'!$S$2:$S$254,MATCH("Tipografi|"&4,'Katalog Gaya'!$AB$2:$AB$254,0)),"") | E33: =IFERROR(INDEX('Katalog Gaya'!$J$2:$J$254,MATCH("Tipografi|"&4,'Katalog Gaya'!$AB$2:$AB$254,0)),"") | F33: 4 | G33: =IFERROR(INDEX('Katalog Gaya'!$C$2:$C$254,MATCH("Grafis & bentuk|"&4,'Katalog Gaya'!$AB$2:$AB$254,0)),"") | H33: =IFERROR(INDEX('Katalog Gaya'!$M$2:$M$254,MATCH("Grafis & bentuk|"&4,'Katalog Gaya'!$AB$2:$AB$254,0)),"") | I33: =IFERROR(INDEX('Katalog Gaya'!$S$2:$S$254,MATCH("Grafis & bentuk|"&4,'Katalog Gaya'!$AB$2:$AB$254,0)),"") | J33: =IFERROR(INDEX('Katalog Gaya'!$J$2:$J$254,MATCH("Grafis & bentuk|"&4,'Katalog Gaya'!$AB$2:$AB$254,0)),"")
A34: 5 | B34: =IFERROR(INDEX('Katalog Gaya'!$C$2:$C$254,MATCH("Tipografi|"&5,'Katalog Gaya'!$AB$2:$AB$254,0)),"") | C34: =IFERROR(INDEX('Katalog Gaya'!$M$2:$M$254,MATCH("Tipografi|"&5,'Katalog Gaya'!$AB$2:$AB$254,0)),"") | D34: =IFERROR(INDEX('Katalog Gaya'!$S$2:$S$254,MATCH("Tipografi|"&5,'Katalog Gaya'!$AB$2:$AB$254,0)),"") | E34: =IFERROR(INDEX('Katalog Gaya'!$J$2:$J$254,MATCH("Tipografi|"&5,'Katalog Gaya'!$AB$2:$AB$254,0)),"") | F34: 5 | G34: =IFERROR(INDEX('Katalog Gaya'!$C$2:$C$254,MATCH("Grafis & bentuk|"&5,'Katalog Gaya'!$AB$2:$AB$254,0)),"") | H34: =IFERROR(INDEX('Katalog Gaya'!$M$2:$M$254,MATCH("Grafis & bentuk|"&5,'Katalog Gaya'!$AB$2:$AB$254,0)),"") | I34: =IFERROR(INDEX('Katalog Gaya'!$S$2:$S$254,MATCH("Grafis & bentuk|"&5,'Katalog Gaya'!$AB$2:$AB$254,0)),"") | J34: =IFERROR(INDEX('Katalog Gaya'!$J$2:$J$254,MATCH("Grafis & bentuk|"&5,'Katalog Gaya'!$AB$2:$AB$254,0)),"")
A35: 6 | B35: =IFERROR(INDEX('Katalog Gaya'!$C$2:$C$254,MATCH("Tipografi|"&6,'Katalog Gaya'!$AB$2:$AB$254,0)),"") | C35: =IFERROR(INDEX('Katalog Gaya'!$M$2:$M$254,MATCH("Tipografi|"&6,'Katalog Gaya'!$AB$2:$AB$254,0)),"") | D35: =IFERROR(INDEX('Katalog Gaya'!$S$2:$S$254,MATCH("Tipografi|"&6,'Katalog Gaya'!$AB$2:$AB$254,0)),"") | E35: =IFERROR(INDEX('Katalog Gaya'!$J$2:$J$254,MATCH("Tipografi|"&6,'Katalog Gaya'!$AB$2:$AB$254,0)),"") | F35: 6 | G35: =IFERROR(INDEX('Katalog Gaya'!$C$2:$C$254,MATCH("Grafis & bentuk|"&6,'Katalog Gaya'!$AB$2:$AB$254,0)),"") | H35: =IFERROR(INDEX('Katalog Gaya'!$M$2:$M$254,MATCH("Grafis & bentuk|"&6,'Katalog Gaya'!$AB$2:$AB$254,0)),"") | I35: =IFERROR(INDEX('Katalog Gaya'!$S$2:$S$254,MATCH("Grafis & bentuk|"&6,'Katalog Gaya'!$AB$2:$AB$254,0)),"") | J35: =IFERROR(INDEX('Katalog Gaya'!$J$2:$J$254,MATCH("Grafis & bentuk|"&6,'Katalog Gaya'!$AB$2:$AB$254,0)),"")
A36: 7 | B36: =IFERROR(INDEX('Katalog Gaya'!$C$2:$C$254,MATCH("Tipografi|"&7,'Katalog Gaya'!$AB$2:$AB$254,0)),"") | C36: =IFERROR(INDEX('Katalog Gaya'!$M$2:$M$254,MATCH("Tipografi|"&7,'Katalog Gaya'!$AB$2:$AB$254,0)),"") | D36: =IFERROR(INDEX('Katalog Gaya'!$S$2:$S$254,MATCH("Tipografi|"&7,'Katalog Gaya'!$AB$2:$AB$254,0)),"") | E36: =IFERROR(INDEX('Katalog Gaya'!$J$2:$J$254,MATCH("Tipografi|"&7,'Katalog Gaya'!$AB$2:$AB$254,0)),"") | F36: 7 | G36: =IFERROR(INDEX('Katalog Gaya'!$C$2:$C$254,MATCH("Grafis & bentuk|"&7,'Katalog Gaya'!$AB$2:$AB$254,0)),"") | H36: =IFERROR(INDEX('Katalog Gaya'!$M$2:$M$254,MATCH("Grafis & bentuk|"&7,'Katalog Gaya'!$AB$2:$AB$254,0)),"") | I36: =IFERROR(INDEX('Katalog Gaya'!$S$2:$S$254,MATCH("Grafis & bentuk|"&7,'Katalog Gaya'!$AB$2:$AB$254,0)),"") | J36: =IFERROR(INDEX('Katalog Gaya'!$J$2:$J$254,MATCH("Grafis & bentuk|"&7,'Katalog Gaya'!$AB$2:$AB$254,0)),"")
A37: 8 | B37: =IFERROR(INDEX('Katalog Gaya'!$C$2:$C$254,MATCH("Tipografi|"&8,'Katalog Gaya'!$AB$2:$AB$254,0)),"") | C37: =IFERROR(INDEX('Katalog Gaya'!$M$2:$M$254,MATCH("Tipografi|"&8,'Katalog Gaya'!$AB$2:$AB$254,0)),"") | D37: =IFERROR(INDEX('Katalog Gaya'!$S$2:$S$254,MATCH("Tipografi|"&8,'Katalog Gaya'!$AB$2:$AB$254,0)),"") | E37: =IFERROR(INDEX('Katalog Gaya'!$J$2:$J$254,MATCH("Tipografi|"&8,'Katalog Gaya'!$AB$2:$AB$254,0)),"") | F37: 8 | G37: =IFERROR(INDEX('Katalog Gaya'!$C$2:$C$254,MATCH("Grafis & bentuk|"&8,'Katalog Gaya'!$AB$2:$AB$254,0)),"") | H37: =IFERROR(INDEX('Katalog Gaya'!$M$2:$M$254,MATCH("Grafis & bentuk|"&8,'Katalog Gaya'!$AB$2:$AB$254,0)),"") | I37: =IFERROR(INDEX('Katalog Gaya'!$S$2:$S$254,MATCH("Grafis & bentuk|"&8,'Katalog Gaya'!$AB$2:$AB$254,0)),"") | J37: =IFERROR(INDEX('Katalog Gaya'!$J$2:$J$254,MATCH("Grafis & bentuk|"&8,'Katalog Gaya'!$AB$2:$AB$254,0)),"")
A38: 9 | B38: =IFERROR(INDEX('Katalog Gaya'!$C$2:$C$254,MATCH("Tipografi|"&9,'Katalog Gaya'!$AB$2:$AB$254,0)),"") | C38: =IFERROR(INDEX('Katalog Gaya'!$M$2:$M$254,MATCH("Tipografi|"&9,'Katalog Gaya'!$AB$2:$AB$254,0)),"") | D38: =IFERROR(INDEX('Katalog Gaya'!$S$2:$S$254,MATCH("Tipografi|"&9,'Katalog Gaya'!$AB$2:$AB$254,0)),"") | E38: =IFERROR(INDEX('Katalog Gaya'!$J$2:$J$254,MATCH("Tipografi|"&9,'Katalog Gaya'!$AB$2:$AB$254,0)),"") | F38: 9 | G38: =IFERROR(INDEX('Katalog Gaya'!$C$2:$C$254,MATCH("Grafis & bentuk|"&9,'Katalog Gaya'!$AB$2:$AB$254,0)),"") | H38: =IFERROR(INDEX('Katalog Gaya'!$M$2:$M$254,MATCH("Grafis & bentuk|"&9,'Katalog Gaya'!$AB$2:$AB$254,0)),"") | I38: =IFERROR(INDEX('Katalog Gaya'!$S$2:$S$254,MATCH("Grafis & bentuk|"&9,'Katalog Gaya'!$AB$2:$AB$254,0)),"") | J38: =IFERROR(INDEX('Katalog Gaya'!$J$2:$J$254,MATCH("Grafis & bentuk|"&9,'Katalog Gaya'!$AB$2:$AB$254,0)),"")
A39: 10 | B39: =IFERROR(INDEX('Katalog Gaya'!$C$2:$C$254,MATCH("Tipografi|"&10,'Katalog Gaya'!$AB$2:$AB$254,0)),"") | C39: =IFERROR(INDEX('Katalog Gaya'!$M$2:$M$254,MATCH("Tipografi|"&10,'Katalog Gaya'!$AB$2:$AB$254,0)),"") | D39: =IFERROR(INDEX('Katalog Gaya'!$S$2:$S$254,MATCH("Tipografi|"&10,'Katalog Gaya'!$AB$2:$AB$254,0)),"") | E39: =IFERROR(INDEX('Katalog Gaya'!$J$2:$J$254,MATCH("Tipografi|"&10,'Katalog Gaya'!$AB$2:$AB$254,0)),"") | F39: 10 | G39: =IFERROR(INDEX('Katalog Gaya'!$C$2:$C$254,MATCH("Grafis & bentuk|"&10,'Katalog Gaya'!$AB$2:$AB$254,0)),"") | H39: =IFERROR(INDEX('Katalog Gaya'!$M$2:$M$254,MATCH("Grafis & bentuk|"&10,'Katalog Gaya'!$AB$2:$AB$254,0)),"") | I39: =IFERROR(INDEX('Katalog Gaya'!$S$2:$S$254,MATCH("Grafis & bentuk|"&10,'Katalog Gaya'!$AB$2:$AB$254,0)),"") | J39: =IFERROR(INDEX('Katalog Gaya'!$J$2:$J$254,MATCH("Grafis & bentuk|"&10,'Katalog Gaya'!$AB$2:$AB$254,0)),"")
A41: Dikerjakan pertama: GB05 · One-line art (satu garis tanpa putus) · video “Satu Garis” (64 dtk) — sudah dirakit, tinggal render.

Sheet Katalog Gaya
A1: Kode | B1: Keluarga | C1: Gaya | D1: Tampilannya | E1: Status | F1: Dipakai di | G1: Upaya (1–5) | H1: Wow (1–10) | I1: Cocok merek (1–10) | J1: SKOR PRIORITAS | K1: Peringkat di keluarga | L1: Gelombang produksi | M1: Video usulan | N1: Jenis hook | O1: Hook (0–3 detik) | P1: Alur singkat | Q1: Meme % | R1: Edukasi % | S1: Komposisi | T1: Modul / fitur | U1: Aset layar (motion/assets/app) | V1: Durasi | W1: Sumber di plan | X1: Teknik (cara buat di mesin kita) | Y1: Catatan / risiko | Z1: siap | AA1: kunci skor | AB1: kunci peringkat
A2: TY01 | B2: Tipografi | C2: Kinetic typography (kamera menjelajah kanvas) | D2: Kata muncul tepat saat diucapkan; kamera geser-putar di satu kanvas besar, lalu mundur memperlihatkan semuanya. | E2: Sudah | F2: T02 | G2: 4 | H2: 8 | I2: 9 | J2: =IF(E2="Tidak cocok","",ROUND(H2*W_GAYA_WOW+I2*W_GAYA_MEREK+(11-2*G2)*W_GAYA_MUDAH,1)) | K2: =IF(Z2=1,COUNTIFS($B$2:$B$254,B2,$AA$2:$AA$254,">"&AA2)+1,"—") | L2: 1 | M2: Jangan Tonton Video Ini | N2: Reverse psychology | O2: “Jangan tonton video ini… kalau perusahaanmu tidak menyimpan satu pun data pelanggan.” | P2: Hook → PP 33 & sanksi 2% → “merasa aman” dicoret → RoPA, DPIA, DSR, insiden → kanvas utuh → CTA | Q2: 0.1 | R2: =IF(Q2="","",1-Q2) | S2: =IF(Q2="","—",TEXT(1-Q2,"0%")&" edukasi · "&TEXT(Q2,"0%")&" meme") | T2: Platform | U2: — | V2: 53,6 dtk | W2: T02 (sudah dirender) | X2: Blok teks di kanvas dunia; kamera per baris dari waktu VO; font variabel Archivo + Instrument Serif. | Z2: =IF(OR(E2="Bisa",E2="Berat"),1,0) | AA2: =IF(Z2=1,J2-ROW()/100000,"") | AB2: =B2&"|"&K2
A3: TY02 | B3: Tipografi | C3: Stomp / beat-cut | D3: Kata raksasa menghentak di tiap ketukan stomp-stomp-clap; warna blok berganti keras. | E3: Sudah | F3: T01 | G3: 4 | H3: 9 | I3: 8 | J3: =IF(E3="Tidak cocok","",ROUND(H3*W_GAYA_WOW+I3*W_GAYA_MEREK+(11-2*G3)*W_GAYA_MUDAH,1)) | K3: =IF(Z3=1,COUNTIFS($B$2:$B$254,B3,$AA$2:$AA$254,">"&AA3)+1,"—") | L3: 1 | M3: Satu Platform | N3: Anomali | O3: “12 spreadsheet. 7 folder. 3 grup chat. 1 DPO.” | P3: Hook → “Cukup. Saatnya rapi.” → 8 modul menghentak + screenshot asli → PP 33 → “Siap?” → CTA | Q3: 0.2 | R3: =IF(Q3="","",1-Q3) | S3: =IF(Q3="","—",TEXT(1-Q3,"0%")&" edukasi · "&TEXT(Q3,"0%")&" meme") | T3: Platform | U3: ropa-list-baru, dpia-risiko, dsr-detail, consent-detail, breach-detail, gap-hasil, ai-agent-chat, dpo-academy | V3: 38,2 dtk | W3: T01 (sudah dirender) | X3: Kartu per ketukan (durasi scene kelipatan birama), kilat di tiap clap, musik stomp disintesis. | Y3: Angka hook = hiperbola. | Z3: =IF(OR(E3="Bisa",E3="Berat"),1,0) | AA3: =IF(Z3=1,J3-ROW()/100000,"") | AB3: =B3&"|"&K3
A4: TY03 | B4: Tipografi | C4: Split-flap (papan jadwal bandara) | D4: Huruf dan angka berputar seperti papan keberangkatan lama. | E4: Sudah | F4: N01 | G4: 3 | H4: 8 | I4: 9 | J4: =IF(E4="Tidak cocok","",ROUND(H4*W_GAYA_WOW+I4*W_GAYA_MEREK+(11-2*G4)*W_GAYA_MUDAH,1)) | K4: =IF(Z4=1,COUNTIFS($B$2:$B$254,B4,$AA$2:$AA$254,">"&AA4)+1,"—") | L4: 1 | M4: Hitung mundur PP 33/2026 | N4: Anomali | O4: Papan berputar menuju “16.01.2027”. | P4: Hitung mundur → kewajiban → program siap PP 33 → CTA | Q4: 0.1 | R4: =IF(Q4="","",1-Q4) | S4: =IF(Q4="","—",TEXT(1-Q4,"0%")&" edukasi · "&TEXT(Q4,"0%")&" meme") | T4: Program siap PP 33 | U4: — | V4: 45 dtk | W4: N01 (sudah dirender) | X4: Kartu huruf rotateX dua belahan; bunyi flip per huruf. | Z4: =IF(OR(E4="Bisa",E4="Berat"),1,0) | AA4: =IF(Z4=1,J4-ROW()/100000,"") | AB4: =B4&"|"&K4
A5: TY04 | B5: Tipografi | C5: Huruf guntingan + stempel (stop motion) | D5: Huruf potongan majalah ditempel satu-satu di papan gabus, stempel nilai dijatuhkan; gerak patah-patah 12 fps. | E5: Sudah | F5: T03 | G5: 4 | H5: 9 | I5: 7 | J5: =IF(E5="Tidak cocok","",ROUND(H5*W_GAYA_WOW+I5*W_GAYA_MEREK+(11-2*G5)*W_GAYA_MUDAH,1)) | K5: =IF(Z5=1,COUNTIFS($B$2:$B$254,B5,$AA$2:$AA$254,">"&AA5)+1,"—") | L5: 1 | M5: Rating Kebiasaan Data di Kantor | N5: Relate | O5: “Rating kebiasaan data di kantor. Jujur, ya.” | P5: 1/10, 2/10, 3/10, 0/10 → papan disapu bersih → kartu Nexus 10/10 → CTA | Q5: 0.7 | R5: =IF(Q5="","",1-Q5) | S5: =IF(Q5="","—",TEXT(1-Q5,"0%")&" edukasi · "&TEXT(Q5,"0%")&" meme") | T5: RoPA, DSR, Insiden | U5: — | V5: 51,4 dtk | W5: T03 / A19 (sudah dirender) | X5: Waktu dikuantisasi 12 fps, getar kecil per langkah, tekstur gabus dari hash. | Y5: Nilai = lelucon rating. | Z5: =IF(OR(E5="Bisa",E5="Berat"),1,0) | AA5: =IF(Z5=1,J5-ROW()/100000,"") | AB5: =B5&"|"&K5
A6: TY05 | B6: Tipografi | C6: Mesin tik (typewriter) | D6: Kertas krem; huruf diketik satu-satu, bunyi “ting” di ujung baris, salah ketik ditimpa XXX. | E6: Sudah | F6: TY05 | G6: 2 | H6: 7 | I6: 8 | J6: =IF(E6="Tidak cocok","",ROUND(H6*W_GAYA_WOW+I6*W_GAYA_MEREK+(11-2*G6)*W_GAYA_MUDAH,1)) | K6: =IF(Z6=1,COUNTIFS($B$2:$B$254,B6,$AA$2:$AA$254,">"&AA6)+1,"—") | L6: 1 | M6: Surat yang Hampir Dikirim DPO | N6: Relate | O6: “Dengan hormat, saya mengundurkan diri sebagai satu-satunya orang yang mengurus data pribadi di kantor ini.” | P6: Surat diketik → kalimat ditimpa XXX → diganti “…atau beri saya alat yang layak.” → antrean kerja & dasbor → CTA | Q6: 0.3 | R6: =IF(Q6="","",1-Q6) | S6: =IF(Q6="","—",TEXT(1-Q6,"0%")&" edukasi · "&TEXT(Q6,"0%")&" meme") | T6: Dukungan PPDP (antrean kerja, dasbor) | U6: dashboard | V6: 20 dtk | W6: Baru (turunan M20) | X6: Huruf muncul per karakter (12–14 huruf/dtk), font Special Elite, kertas naik per baris; SFX key + ding. | Y6: Humor empati; jangan mengejek atasan. | Z6: =IF(OR(E6="Bisa",E6="Berat"),1,0) | AA6: =IF(Z6=1,J6-ROW()/100000,"") | AB6: =B6&"|"&K6
A7: TY06 | B7: Tipografi | C7: Terminal / command line | D7: Layar hitam, huruf monospace; perintah diketik, hasil muncul baris demi baris. | E7: Sudah | F7: TY06 | G7: 2 | H7: 7 | I7: 7 | J7: =IF(E7="Tidak cocok","",ROUND(H7*W_GAYA_WOW+I7*W_GAYA_MEREK+(11-2*G7)*W_GAYA_MUDAH,1)) | K7: =IF(Z7=1,COUNTIFS($B$2:$B$254,B7,$AA$2:$AA$254,">"&AA7)+1,"—") | L7: 1 | M7: cari --nama "rina" | N7: Anomali | O7: “Ketik nama satu pelanggan. Di berapa sistem datanya tersimpan?” | P7: Perintah cari diketik → hasil terus bertambah (CRM, email, CS, arsip) → “yang kamu tahu: 2” → Data Discovery menemukan & mengaitkan ke RoPA → CTA | Q7: 0.5 | R7: =IF(Q7="","",1-Q7) | S7: =IF(Q7="","—",TEXT(1-Q7,"0%")&" edukasi · "&TEXT(Q7,"0%")&" meme") | T7: Data Discovery (pencarian data satu subjek untuk DSR) | U7: — | V7: 20 dtk | W7: A38 / P15 | X7: Ketik per karakter + kursor blok berkedip; keluaran per baris; scanline tipis; SFX key/tick. | Y7: Jumlah sistem = ilustrasi. | Z7: =IF(OR(E7="Bisa",E7="Berat"),1,0) | AA7: =IF(Z7=1,J7-ROW()/100000,"") | AB7: =B7&"|"&K7
A8: TY07 | B8: Tipografi | C8: Editor kode (syntax highlight) | D8: Editor gelap dengan warna sintaks; baris kode ditulis, satu baris disorot. | E8: Sudah | F8: TY07 | G8: 2 | H8: 6 | I8: 7 | J8: =IF(E8="Tidak cocok","",ROUND(H8*W_GAYA_WOW+I8*W_GAYA_MEREK+(11-2*G8)*W_GAYA_MUDAH,1)) | K8: =IF(Z8=1,COUNTIFS($B$2:$B$254,B8,$AA$2:$AA$254,">"&AA8)+1,"—") | L8: 1 | M8: Satu Baris yang Sering Dilupakan | N8: Logika dipatahkan | O8: “Tombol ‘Setuju’ itu satu baris kode. Buktinya ada di baris mana?” | P8: onClick=setuju() diketik → komentar “// lalu buktinya?” → baris API persetujuan + webhook → log persetujuan tampil → CTA | Q8: 0.5 | R8: =IF(Q8="","",1-Q8) | S8: =IF(Q8="","—",TEXT(1-Q8,"0%")&" edukasi · "&TEXT(Q8,"0%")&" meme") | T8: Consent (API, webhook, log bukti) | U8: consent-detail | V8: 15 dtk | W8: M08 (sudut developer) | X8: Span berwarna per token, ketik per karakter, nomor baris, sorot baris + komentar muncul. | Y8: Kode = ilustrasi, bukan dokumentasi API. | Z8: =IF(OR(E8="Bisa",E8="Berat"),1,0) | AA8: =IF(Z8=1,J8-ROW()/100000,"") | AB8: =B8&"|"&K8
A9: TY08 | B9: Tipografi | C9: Text mask (layar di dalam huruf) | D9: Huruf raksasa memenuhi layar; layar aplikasi asli terlihat di dalam badan huruf. | E9: Sudah | F9: TY08 | G9: 2 | H9: 8 | I9: 9 | J9: =IF(E9="Tidak cocok","",ROUND(H9*W_GAYA_WOW+I9*W_GAYA_MEREK+(11-2*G9)*W_GAYA_MUDAH,1)) | K9: =IF(Z9=1,COUNTIFS($B$2:$B$254,B9,$AA$2:$AA$254,">"&AA9)+1,"—") | L9: 1 | M9: Ada Apa di Dalam Empat Huruf Ini? | N9: Anomali | O9: “RoPA. Empat huruf. Isinya: semua yang kantormu lakukan terhadap data pribadi.” | P9: RoPA raksasa → masuk ke huruf O → register RoPA asli → DPIA & DSR dengan cara sama → CTA | Q9: 0.2 | R9: =IF(Q9="","",1-Q9) | S9: =IF(Q9="","—",TEXT(1-Q9,"0%")&" edukasi · "&TEXT(Q9,"0%")&" meme") | T9: RoPA, DPIA, DSR | U9: ropa-list-baru, dpia-risiko, dsr-detail | V9: 20 dtk | W9: Baru (turunan M04) | X9: background-clip: text dengan screenshot sebagai latar; kamera mendekat sampai huruf jadi jendela. | Z9: =IF(OR(E9="Bisa",E9="Berat"),1,0) | AA9: =IF(Z9=1,J9-ROW()/100000,"") | AB9: =B9&"|"&K9
A10: TY09 | B10: Tipografi | C10: Liquid / huruf meleleh | D10: Huruf tebal meleleh, menetes, dan bergelombang seperti lilin. | E10: Sudah | F10: TY09 | G10: 3 | H10: 8 | I10: 7 | J10: =IF(E10="Tidak cocok","",ROUND(H10*W_GAYA_WOW+I10*W_GAYA_MEREK+(11-2*G10)*W_GAYA_MUDAH,1)) | K10: =IF(Z10=1,COUNTIFS($B$2:$B$254,B10,$AA$2:$AA$254,">"&AA10)+1,"—") | L10: 1 | M10: 72 Jam yang Meleleh | N10: Relate | O10: “72 jam itu cepat. Apalagi kalau dihitung manual.” | P10: Angka 72 JAM utuh → meleleh saat email bolak-balik → membeku jadi pil tenggat otomatis → CTA | Q10: 0.5 | R10: =IF(Q10="","",1-Q10) | S10: =IF(Q10="","—",TEXT(1-Q10,"0%")&" edukasi · "&TEXT(Q10,"0%")&" meme") | T10: DSR (tenggat otomatis 72 jam) | U10: dsr-detail | V10: 15 dtk | W10: M07 / P06 | X10: Filter SVG feTurbulence + feDisplacementMap dengan skala naik; tetesan dari elemen goo. | Z10: =IF(OR(E10="Bisa",E10="Berat"),1,0) | AA10: =IF(Z10=1,J10-ROW()/100000,"") | AB10: =B10&"|"&K10
A11: TY10 | B11: Tipografi | C11: Glitch / RGB split | D11: Huruf pecah jadi kanal merah-hijau-biru, bergeser, berkedip seperti sinyal rusak. | E11: Sudah | F11: TY10 | G11: 2 | H11: 7 | I11: 7 | J11: =IF(E11="Tidak cocok","",ROUND(H11*W_GAYA_WOW+I11*W_GAYA_MEREK+(11-2*G11)*W_GAYA_MUDAH,1)) | K11: =IF(Z11=1,COUNTIFS($B$2:$B$254,B11,$AA$2:$AA$254,">"&AA11)+1,"—") | L11: 1 | M11: 03.00 | N11: Anomali | O11: “Jam 03.00. Tulisan ini muncul di layar: dugaan kebocoran data.” | P11: Teks glitch → penghitung 3×24 jam mulai → daftar periksa penahanan muncul rapi (glitch hilang) → CTA | Q11: 0.5 | R11: =IF(Q11="","",1-Q11) | S11: =IF(Q11="","—",TEXT(1-Q11,"0%")&" edukasi · "&TEXT(Q11,"0%")&" meme") | T11: Manajemen Insiden | U11: breach-detail | V11: 15 dtk | W11: M11 / P03 | X11: Tiga salinan teks berwarna dengan offset dari hash per frame; potongan clip-path deterministik. | Z11: =IF(OR(E11="Bisa",E11="Berat"),1,0) | AA11: =IF(Z11=1,J11-ROW()/100000,"") | AB11: =B11&"|"&K11
A12: TY11 | B12: Tipografi | C12: Font variabel “bernapas” | D12: Satu kata menebal, melebar, lalu menipis mengikuti emosi kalimat. | E12: Sudah | F12: TY11 | G12: 2 | H12: 7 | I12: 8 | J12: =IF(E12="Tidak cocok","",ROUND(H12*W_GAYA_WOW+I12*W_GAYA_MEREK+(11-2*G12)*W_GAYA_MUDAH,1)) | K12: =IF(Z12=1,COUNTIFS($B$2:$B$254,B12,$AA$2:$AA$254,">"&AA12)+1,"—") | L12: 1 | M12: Minggu Depan Ya | N12: Relate | O12: “Begini rasanya saat auditor bilang: ‘minggu depan ya’.” | P12: Kata AUDIT tipis → makin tebal & sesak tiap hari → satu klik ekspor laporan kepatuhan → kata kembali lega → CTA | Q12: 0.3 | R12: =IF(Q12="","",1-Q12) | S12: =IF(Q12="","—",TEXT(1-Q12,"0%")&" edukasi · "&TEXT(Q12,"0%")&" meme") | T12: Dasbor kepatuhan, GAP Assessment | U12: dashboard, gap-hasil | V12: 15 dtk | W12: Baru (turunan M01) | X12: Font variabel (Archivo wght 100–900, wdth 62–125) dianimasikan per frame dari waktu. | Z12: =IF(OR(E12="Bisa",E12="Berat"),1,0) | AA12: =IF(Z12=1,J12-ROW()/100000,"") | AB12: =B12&"|"&K12
A13: TY12 | B13: Tipografi | C13: Elastis (huruf karet) | D13: Huruf ditarik memanjang seperti karet lalu memantul kembali. | E13: Sudah | F13: TY12 | G13: 2 | H13: 6 | I13: 7 | J13: =IF(E13="Tidak cocok","",ROUND(H13*W_GAYA_WOW+I13*W_GAYA_MEREK+(11-2*G13)*W_GAYA_MUDAH,1)) | K13: =IF(Z13=1,COUNTIFS($B$2:$B$254,B13,$AA$2:$AA$254,">"&AA13)+1,"—") | L13: 1 | M13: Yang Tidak Bisa Ditarik | N13: Logika dipatahkan | O13: “Tenggat proyek bisa ditarik-tarik. 3×24 jam tidak.” | P13: Kata TENGGAT ditarik berkali-kali → kata 3×24 JAM tidak bergerak → penghitung mundur insiden → CTA | Q13: 0.5 | R13: =IF(Q13="","",1-Q13) | S13: =IF(Q13="","—",TEXT(1-Q13,"0%")&" edukasi · "&TEXT(Q13,"0%")&" meme") | T13: Manajemen Insiden (penghitung mundur 3×24 jam) | U13: breach-detail | V13: 10 dtk | W13: P30 (varian) | X13: scaleX/scaleY dengan easing elastis, titik tumpu di sisi huruf. | Z13: =IF(OR(E13="Bisa",E13="Berat"),1,0) | AA13: =IF(Z13=1,J13-ROW()/100000,"") | AB13: =B13&"|"&K13
A14: TY13 | B14: Tipografi | C14: Marquee brutalist (teks berjalan bertumpuk) | D14: Baris-baris teks raksasa berjalan berlawanan arah, memenuhi layar. | E14: Sudah | F14: TY13 | G14: 1 | H14: 7 | I14: 7 | J14: =IF(E14="Tidak cocok","",ROUND(H14*W_GAYA_WOW+I14*W_GAYA_MEREK+(11-2*G14)*W_GAYA_MUDAH,1)) | K14: =IF(Z14=1,COUNTIFS($B$2:$B$254,B14,$AA$2:$AA$254,">"&AA14)+1,"—") | L14: 1 | M14: Yang Mana Punyamu? | N14: Anomali | O14: “Semua tulisan ini kewajiban. Yang mana yang sudah kamu kerjakan?” | P14: Pita kewajiban berjalan (catat pemrosesan · nilai risiko · jawab permohonan · lapor insiden) → berhenti & dicentang satu-satu → CTA | Q14: 0.5 | R14: =IF(Q14="","",1-Q14) | S14: =IF(Q14="","—",TEXT(1-Q14,"0%")&" edukasi · "&TEXT(Q14,"0%")&" meme") | T14: Platform, Paparan Sanksi | U14: — | V14: 15 dtk | W14: Baru | X14: Beberapa pita teks translateX berkecepatan beda; satu pita berhenti dan disorot. | Z14: =IF(OR(E14="Bisa",E14="Berat"),1,0) | AA14: =IF(Z14=1,J14-ROW()/100000,"") | AB14: =B14&"|"&K14
A15: TY14 | B15: Tipografi | C15: Papan LED berjalan | D15: Papan LED titik-titik merah/kuning seperti di depan toko; teks berjalan. | E15: Sudah | F15: TY14 | G15: 3 | H15: 8 | I15: 7 | J15: =IF(E15="Tidak cocok","",ROUND(H15*W_GAYA_WOW+I15*W_GAYA_MEREK+(11-2*G15)*W_GAYA_MUDAH,1)) | K15: =IF(Z15=1,COUNTIFS($B$2:$B$254,B15,$AA$2:$AA$254,">"&AA15)+1,"—") | L15: 1 | M15: Buka 24 Jam | N15: Relate | O15: “Kalau permohonan hak subjek data punya papan LED: BUKA 24 JAM.” | P15: Papan LED: “TERIMA PERMOHONAN HAPUS DATA” → “TENGGAT 72 JAM” menghitung → formulir DSR asli → CTA | Q15: 0.5 | R15: =IF(Q15="","",1-Q15) | S15: =IF(Q15="","—",TEXT(1-Q15,"0%")&" edukasi · "&TEXT(Q15,"0%")&" meme") | T15: DSR (formulir tersemat, tenggat 72 jam) | U15: dsr-form | V15: 15 dtk | W15: M07 (varian lokal) | X15: Kisi titik (canvas) menyala sesuai bitmap huruf, bergeser per kolom; pendar lembut. | Z15: =IF(OR(E15="Bisa",E15="Berat"),1,0) | AA15: =IF(Z15=1,J15-ROW()/100000,"") | AB15: =B15&"|"&K15
A16: TY15 | B16: Tipografi | C16: Angka digital / odometer | D16: Angka tujuh-segmen atau odometer yang terus berputar. | E16: Sudah | F16: TY15 | G16: 2 | H16: 6 | I16: 8 | J16: =IF(E16="Tidak cocok","",ROUND(H16*W_GAYA_WOW+I16*W_GAYA_MEREK+(11-2*G16)*W_GAYA_MUDAH,1)) | K16: =IF(Z16=1,COUNTIFS($B$2:$B$254,B16,$AA$2:$AA$254,">"&AA16)+1,"—") | L16: 1 | M16: Angka yang Mulai Berjalan | N16: Anomali | O16: “Angka ini mulai berjalan begitu insiden dicatat.” | P16: 72:00:00 mulai turun → tugas fase 1 tercentang satu-satu → templat pemberitahuan → CTA | Q16: 0.3 | R16: =IF(Q16="","",1-Q16) | S16: =IF(Q16="","—",TEXT(1-Q16,"0%")&" edukasi · "&TEXT(Q16,"0%")&" meme") | T16: Manajemen Insiden | U16: breach-fase, breach-aksi | V16: 15 dtk | W16: P30 | X16: Digit bergulir vertikal (translateY) dari nilai waktu; segmen menyala lewat kelas. | Z16: =IF(OR(E16="Bisa",E16="Berat"),1,0) | AA16: =IF(Z16=1,J16-ROW()/100000,"") | AB16: =B16&"|"&K16
A17: TY16 | B17: Tipografi | C17: Karaoke / lyric video | D17: Lirik di layar; bola kecil memantul di atas kata yang sedang dinyanyikan. | E17: Sudah | F17: TY16 | G17: 2 | H17: 7 | I17: 6 | J17: =IF(E17="Tidak cocok","",ROUND(H17*W_GAYA_WOW+I17*W_GAYA_MEREK+(11-2*G17)*W_GAYA_MUDAH,1)) | K17: =IF(Z17=1,COUNTIFS($B$2:$B$254,B17,$AA$2:$AA$254,">"&AA17)+1,"—") | L17: 1 | M17: Lagu Wajib Rapat Kepatuhan | N17: Relate | O17: “Nyanyikan bersama: ‘Datanya di mana? Di cloud.’” | P17: Bait 1: “Di cloud” → bait 2: “Cloud-nya di negara mana?” (hening) → register transfer lintas negara → CTA | Q17: 0.7 | R17: =IF(Q17="","",1-Q17) | S17: =IF(Q17="","—",TEXT(1-Q17,"0%")&" edukasi · "&TEXT(Q17,"0%")&" meme") | T17: Transfer Data Lintas Negara (TIA) | U17: — | V17: 20 dtk | W17: M14 / A34 | X17: Sorot per kata dari timing VO; bola mengikuti parabola antar kata. | Y17: Melodi orisinal (synth), bukan lagu yang sudah ada. | Z17: =IF(OR(E17="Bisa",E17="Berat"),1,0) | AA17: =IF(Z17=1,J17-ROW()/100000,"") | AB17: =B17&"|"&K17
A18: TY17 | B18: Tipografi | C18: Satu kata per layar | D18: Satu kata besar di tengah, berganti cepat mengikuti suara. | E18: Sudah | F18: TY17 | G18: 1 | H18: 6 | I18: 8 | J18: =IF(E18="Tidak cocok","",ROUND(H18*W_GAYA_WOW+I18*W_GAYA_MEREK+(11-2*G18)*W_GAYA_MUDAH,1)) | K18: =IF(Z18=1,COUNTIFS($B$2:$B$254,B18,$AA$2:$AA$254,">"&AA18)+1,"—") | L18: 1 | M18: Patuh Bukan Perasaan | N18: Logika dipatahkan | O18: “Patuh. Bukan. Perasaan.” | P18: Tiga kata → “Ukur.” → skor GAP 81% asli → CTA Start Pre Check | Q18: 0.3 | R18: =IF(Q18="","",1-Q18) | S18: =IF(Q18="","—",TEXT(1-Q18,"0%")&" edukasi · "&TEXT(Q18,"0%")&" meme") | T18: GAP Assessment | U18: gap-hasil | V18: 5–10 dtk | W18: P01 | X18: Ganti kata tepat di waktu ucapan; huruf tengah diberi warna sebagai titik fokus. | Y18: Skor 81% = data demo di screenshot. | Z18: =IF(OR(E18="Bisa",E18="Berat"),1,0) | AA18: =IF(Z18=1,J18-ROW()/100000,"") | AB18: =B18&"|"&K18
A19: TY18 | B19: Tipografi | C19: Text scramble / decode | D19: Huruf berputar acak lalu “terkunci” satu per satu menjadi kata yang benar. | E19: Sudah | F19: TY18 | G19: 2 | H19: 8 | I19: 8 | J19: =IF(E19="Tidak cocok","",ROUND(H19*W_GAYA_WOW+I19*W_GAYA_MEREK+(11-2*G19)*W_GAYA_MUDAH,1)) | K19: =IF(Z19=1,COUNTIFS($B$2:$B$254,B19,$AA$2:$AA$254,">"&AA19)+1,"—") | L19: 1 | M19: kol_17 | N19: Anomali | O19: “Kolom bernama ‘kol_17’ ini ternyata berisi NIK.” | P19: Nama kolom acak → terurai jadi NIK, no. HP, email → ditandai data pribadi umum/spesifik → dikaitkan ke RoPA → CTA | Q19: 0.3 | R19: =IF(Q19="","",1-Q19) | S19: =IF(Q19="","—",TEXT(1-Q19,"0%")&" edukasi · "&TEXT(Q19,"0%")&" meme") | T19: Data Discovery (pemindaian kolom) | U19: — | V19: 15 dtk | W19: M15 / P15 | X19: Tiap posisi huruf mengacak dari hash sampai waktu kuncinya; warna berubah saat terkunci. | Y19: Nama kolom = ilustrasi. | Z19: =IF(OR(E19="Bisa",E19="Berat"),1,0) | AA19: =IF(Z19=1,J19-ROW()/100000,"") | AB19: =B19&"|"&K19
A20: TY19 | B20: Tipografi | C20: Redaksi (sensor hitam) | D20: Dokumen dengan balok hitam menutupi kata; balok bergeser membuka atau menutup. | E20: Sudah | F20: TY19 | G20: 1 | H20: 7 | I20: 8 | J20: =IF(E20="Tidak cocok","",ROUND(H20*W_GAYA_WOW+I20*W_GAYA_MEREK+(11-2*G20)*W_GAYA_MUDAH,1)) | K20: =IF(Z20=1,COUNTIFS($B$2:$B$254,B20,$AA$2:$AA$254,">"&AA20)+1,"—") | L20: 1 | M20: Siapa yang Terakhir Membuka? | N20: Anomali | O20: “Siapa yang terakhir membuka data ini? ████████.” | P20: Kalimat dengan nama tertutup balok → balok terbuka: peran + waktu → log audit manusia & AI → CTA | Q20: 0.3 | R20: =IF(Q20="","",1-Q20) | S20: =IF(Q20="","—",TEXT(1-Q20,"0%")&" edukasi · "&TEXT(Q20,"0%")&" meme") | T20: Log audit (platform) | U20: — | V20: 15 dtk | W20: A42 | X20: Balok scaleX di atas teks; urutan buka mengikuti VO. | Z20: =IF(OR(E20="Bisa",E20="Berat"),1,0) | AA20: =IF(Z20=1,J20-ROW()/100000,"") | AB20: =B20&"|"&K20
A21: TY20 | B21: Tipografi | C21: Stabilo pada pasal | D21: Teks pasal di kertas; stabilo kuning menyapu frasa penting. | E21: Sudah | F21: TY20 | G21: 1 | H21: 6 | I21: 9 | J21: =IF(E21="Tidak cocok","",ROUND(H21*W_GAYA_WOW+I21*W_GAYA_MEREK+(11-2*G21)*W_GAYA_MUDAH,1)) | K21: =IF(Z21=1,COUNTIFS($B$2:$B$254,B21,$AA$2:$AA$254,">"&AA21)+1,"—") | L21: 1 | M21: AI yang Tidak Mengarang Pasal | N21: Logika dipatahkan | O21: “AI terbaik untuk DPO bukan yang paling kreatif. Tapi yang tidak mengarang pasal.” | P21: Jawaban AI → bunyi pasal disorot stabilo: diambil dari knowledge base → hasil bisa disunting konsultan → CTA | Q21: 0.2 | R21: =IF(Q21="","",1-Q21) | S21: =IF(Q21="","—",TEXT(1-Q21,"0%")&" edukasi · "&TEXT(Q21,"0%")&" meme") | T21: Telaah Kebijakan, Priva | U21: ai-agent-chat, policy-review | V21: 20 dtk | W21: M19 / P18 / A35 | X21: Latar kuning scaleX di belakang frasa, tepi tidak rata (SVG), mengikuti kata VO. | Y21: Kutip pasal persis; cek ulang bunyinya. | Z21: =IF(OR(E21="Bisa",E21="Berat"),1,0) | AA21: =IF(Z21=1,J21-ROW()/100000,"") | AB21: =B21&"|"&K21
A22: TY21 | B22: Tipografi | C22: Coret & tulis ulang (koreksi editor) | D22: Naskah diketik, dicoret tinta merah, ditulis ulang di atasnya. | E22: Sudah | F22: TY21 | G22: 2 | H22: 7 | I22: 8 | J22: =IF(E22="Tidak cocok","",ROUND(H22*W_GAYA_WOW+I22*W_GAYA_MEREK+(11-2*G22)*W_GAYA_MUDAH,1)) | K22: =IF(Z22=1,COUNTIFS($B$2:$B$254,B22,$AA$2:$AA$254,">"&AA22)+1,"—") | L22: 1 | M22: Lebih Tua dari Undang-undangnya | N22: Anomali | O22: “Kebijakan privasi di situsmu mungkin lebih tua dari UU PDP.” | P22: Halaman kebijakan “diperbarui 2019” → coretan merah per bab → temuan & rekomendasi → CTA | Q22: 0.3 | R22: =IF(Q22="","",1-Q22) | S22: =IF(Q22="","—",TEXT(1-Q22,"0%")&" edukasi · "&TEXT(Q22,"0%")&" meme") | T22: Telaah Kebijakan (per bab) | U22: policy-review | V22: 20 dtk | W22: M16 | X22: Garis coret digambar (stroke), tanda sisip muncul, teks pengganti ditulis tangan. | Y22: Crop angka yang tampil rusak di screenshot. | Z22: =IF(OR(E22="Bisa",E22="Berat"),1,0) | AA22: =IF(Z22=1,J22-ROW()/100000,"") | AB22: =B22&"|"&K22
A23: TY22 | B23: Tipografi | C23: Isi titik-titik | D23: Kalimat dengan ruang kosong bergaris; jawaban muncul, dihapus, diganti. | E23: Sudah | F23: TY22 | G23: 1 | H23: 6 | I23: 8 | J23: =IF(E23="Tidak cocok","",ROUND(H23*W_GAYA_WOW+I23*W_GAYA_MEREK+(11-2*G23)*W_GAYA_MUDAH,1)) | K23: =IF(Z23=1,COUNTIFS($B$2:$B$254,B23,$AA$2:$AA$254,">"&AA23)+1,"—") | L23: 1 | M23: Isi Titik-titik Ini | N23: Reverse psychology | O23: “Jangan isi titik-titik ini kalau belum yakin: data pelanggan kami disimpan di ______.” | P23: Jawaban berubah-ubah (server? laptop? pihak ketiga?) → katalog sistem & sumber data → CTA | Q23: 0.3 | R23: =IF(Q23="","",1-Q23) | S23: =IF(Q23="","—",TEXT(1-Q23,"0%")&" edukasi · "&TEXT(Q23,"0%")&" meme") | T23: Data Discovery, RoPA | U23: — | V23: 15 dtk | W23: Baru (turunan M15) | X23: Garis bawah + teks jawaban ketik/hapus bergantian; tanda tanya bergoyang. | Z23: =IF(OR(E23="Bisa",E23="Berat"),1,0) | AA23: =IF(Z23=1,J23-ROW()/100000,"") | AB23: =B23&"|"&K23
A24: TY23 | B24: Tipografi | C24: Cari kata | D24: Kotak huruf acak; kata yang ditemukan dilingkari satu per satu. | E24: Sudah | F24: TY23 | G24: 2 | H24: 7 | I24: 7 | J24: =IF(E24="Tidak cocok","",ROUND(H24*W_GAYA_WOW+I24*W_GAYA_MEREK+(11-2*G24)*W_GAYA_MUDAH,1)) | K24: =IF(Z24=1,COUNTIFS($B$2:$B$254,B24,$AA$2:$AA$254,">"&AA24)+1,"—") | L24: 1 | M24: Cari 5 Kewajiban | N24: Relate | O24: “Cari 5 kewajiban UU PDP di kotak ini. Waktumu 10 detik.” | P24: Timer berjalan → RoPA, DPIA, DSR, CONSENT, INSIDEN dilingkari → “di Nexus tidak perlu dicari” → CTA | Q24: 0.5 | R24: =IF(Q24="","",1-Q24) | S24: =IF(Q24="","—",TEXT(1-Q24,"0%")&" edukasi · "&TEXT(Q24,"0%")&" meme") | T24: Platform | U24: — | V24: 15 dtk | W24: Baru | X24: Grid huruf; lingkaran kapsul digambar (stroke) di atas kata; penghitung waktu. | Y24: Mengundang komentar & share. | Z24: =IF(OR(E24="Bisa",E24="Berat"),1,0) | AA24: =IF(Z24=1,J24-ROW()/100000,"") | AB24: =B24&"|"&K24
A25: TY24 | B25: Tipografi | C25: Tuts keyboard | D25: Tuts keyboard besar ditekan satu per satu membentuk pesan. | E25: Sudah | F25: TY24 | G25: 2 | H25: 7 | I25: 8 | J25: =IF(E25="Tidak cocok","",ROUND(H25*W_GAYA_WOW+I25*W_GAYA_MEREK+(11-2*G25)*W_GAYA_MUDAH,1)) | K25: =IF(Z25=1,COUNTIFS($B$2:$B$254,B25,$AA$2:$AA$254,">"&AA25)+1,"—") | L25: 1 | M25: Ctrl + Z | N25: Logika dipatahkan | O25: “Semua bisa di-undo. Kecuali data yang sudah bocor.” | P25: Ctrl+Z ditekan berulang, tidak terjadi apa-apa → yang bisa: latihan sebelum kejadian → Fire Drill → CTA | Q25: 0.3 | R25: =IF(Q25="","",1-Q25) | S25: =IF(Q25="","—",TEXT(1-Q25,"0%")&" edukasi · "&TEXT(Q25,"0%")&" meme") | T25: Simulasi & Fire Drill, Insiden | U25: fire-drill-header | V25: 10 dtk | W25: M12 / P17 | X25: Kotak tuts 3D semu (bayangan), turun 6 px saat ditekan; SFX key. | Z25: =IF(OR(E25="Bisa",E25="Berat"),1,0) | AA25: =IF(Z25=1,J25-ROW()/100000,"") | AB25: =B25&"|"&K25
A26: TY25 | B26: Tipografi | C26: Entri kamus | D26: Halaman kamus: kata, cara baca, kelas kata, definisi, contoh kalimat. | E26: Sudah | F26: TY25 | G26: 1 | H26: 7 | I26: 8 | J26: =IF(E26="Tidak cocok","",ROUND(H26*W_GAYA_WOW+I26*W_GAYA_MEREK+(11-2*G26)*W_GAYA_MUDAH,1)) | K26: =IF(Z26=1,COUNTIFS($B$2:$B$254,B26,$AA$2:$AA$254,">"&AA26)+1,"—") | L26: 1 | M26: DPO (n.) | N26: Relate | O26: “DPO (n.): orang yang ditanya semua hal tentang data, termasuk yang bukan urusannya.” | P26: Arti 1, 2, 3 makin jujur → arti 4: “punya antrean kerja dan asisten AI” → CTA | Q26: 0.3 | R26: =IF(Q26="","",1-Q26) | S26: =IF(Q26="","—",TEXT(1-Q26,"0%")&" edukasi · "&TEXT(Q26,"0%")&" meme") | T26: Dukungan PPDP, Priva | U26: ai-agent-home | V26: 15 dtk | W26: A40 / A12 | X26: Tata letak serif; definisi muncul per baris; nomor arti bertambah. | Z26: =IF(OR(E26="Bisa",E26="Berat"),1,0) | AA26: =IF(Z26=1,J26-ROW()/100000,"") | AB26: =B26&"|"&K26
A27: TY26 | B27: Tipografi | C27: Angka raksasa (big number) | D27: Satu angka memenuhi layar; keterangan kecil di bawahnya. | E27: Sudah | F27: TY26 | G27: 1 | H27: 7 | I27: 9 | J27: =IF(E27="Tidak cocok","",ROUND(H27*W_GAYA_WOW+I27*W_GAYA_MEREK+(11-2*G27)*W_GAYA_MUDAH,1)) | K27: =IF(Z27=1,COUNTIFS($B$2:$B$254,B27,$AA$2:$AA$254,">"&AA27)+1,"—") | L27: 1 | M27: 2% | N27: Anomali | O27: “Angka kecil yang membuat CFO berdiri dari kursinya: 2%.” | P27: 2% raksasa → “dari pendapatan tahunan” → pemetaan pasal bersanksi → CTA konsultasi | Q27: 0.2 | R27: =IF(Q27="","",1-Q27) | S27: =IF(Q27="","—",TEXT(1-Q27,"0%")&" edukasi · "&TEXT(Q27,"0%")&" meme") | T27: Paparan Sanksi Administratif | U27: — | V27: 10 dtk | W27: P29 / A08 | X27: Angka fit-to-width, masuk dengan hentakan; hitungan naik. | Y27: UU PDP Pasal 57 ayat (3): paling tinggi 2%. | Z27: =IF(OR(E27="Bisa",E27="Berat"),1,0) | AA27: =IF(Z27=1,J27-ROW()/100000,"") | AB27: =B27&"|"&K27
A28: TY27 | B28: Tipografi | C28: Huruf 3D / isometrik | D28: Huruf berdiri seperti gedung dengan sisi dan bayangan. | E28: Sudah | F28: TY27 | G28: 3 | H28: 8 | I28: 7 | J28: =IF(E28="Tidak cocok","",ROUND(H28*W_GAYA_WOW+I28*W_GAYA_MEREK+(11-2*G28)*W_GAYA_MUDAH,1)) | K28: =IF(Z28=1,COUNTIFS($B$2:$B$254,B28,$AA$2:$AA$254,">"&AA28)+1,"—") | L28: 1 | M28: Kota PP 33 | N28: Anomali | O28: “Bangunan ini selesai 16 Januari 2027. Kantormu sudah punya kuncinya?” | P28: Huruf PP 33 dibangun lantai demi lantai → tanggal muncul → program siap PP 33 → CTA | Q28: 0.5 | R28: =IF(Q28="","",1-Q28) | S28: =IF(Q28="","—",TEXT(1-Q28,"0%")&" edukasi · "&TEXT(Q28,"0%")&" meme") | T28: Program siap PP 33, GAP | U28: — | V28: 15 dtk | W28: P04 / A23 | X28: Lapisan text-shadow bertumpuk atau CSS 3D; kamera orbit kecil. | Z28: =IF(OR(E28="Bisa",E28="Berat"),1,0) | AA28: =IF(Z28=1,J28-ROW()/100000,"") | AB28: =B28&"|"&K28
A29: TY28 | B29: Tipografi | C29: Bayangan panjang (long shadow) | D29: Huruf datar dengan bayangan diagonal yang memanjang. | E29: Sudah | F29: TY28 | G29: 1 | H29: 5 | I29: 7 | J29: =IF(E29="Tidak cocok","",ROUND(H29*W_GAYA_WOW+I29*W_GAYA_MEREK+(11-2*G29)*W_GAYA_MUDAH,1)) | K29: =IF(Z29=1,COUNTIFS($B$2:$B$254,B29,$AA$2:$AA$254,">"&AA29)+1,"—") | L29: 1 | M29: Bayangan Tenggat | N29: Anomali | O29: “Makin dekat tanggalnya, makin panjang bayangannya.” | P29: “16 JAN” → bayangan memanjang menutupi meja kerja → daftar langkah siap PP 33 → CTA | Q29: 0.5 | R29: =IF(Q29="","",1-Q29) | S29: =IF(Q29="","—",TEXT(1-Q29,"0%")&" edukasi · "&TEXT(Q29,"0%")&" meme") | T29: Program siap PP 33 | U29: — | V29: 10 dtk | W29: A23 | X29: Bayangan dari banyak lapis offset; panjang bayangan = fungsi waktu. | Z29: =IF(OR(E29="Bisa",E29="Berat"),1,0) | AA29: =IF(Z29=1,J29-ROW()/100000,"") | AB29: =B29&"|"&K29
A30: TY29 | B30: Tipografi | C30: Outline + gema | D30: Huruf garis tepi dengan salinan yang mengekor seperti gema. | E30: Sudah | F30: TY29 | G30: 2 | H30: 7 | I30: 7 | J30: =IF(E30="Tidak cocok","",ROUND(H30*W_GAYA_WOW+I30*W_GAYA_MEREK+(11-2*G30)*W_GAYA_MUDAH,1)) | K30: =IF(Z30=1,COUNTIFS($B$2:$B$254,B30,$AA$2:$AA$254,">"&AA30)+1,"—") | L30: 1 | M30: Satu Permintaan, Tujuh Gema | N30: Relate | O30: “Satu permintaan: ‘hapus data saya’. Tujuh sistem yang harus menjawab.” | P30: Kata HAPUS bergema ke 7 arah → Data Discovery menemukan lokasinya → DSR terlacak sampai selesai → CTA | Q30: 0.5 | R30: =IF(Q30="","",1-Q30) | S30: =IF(Q30="","—",TEXT(1-Q30,"0%")&" edukasi · "&TEXT(Q30,"0%")&" meme") | T30: DSR, Data Discovery | U30: dsr-detail | V30: 15 dtk | W30: A38 | X30: Salinan teks stroke-only dengan jeda waktu & opasitas menurun. | Y30: Angka 7 = ilustrasi. | Z30: =IF(OR(E30="Bisa",E30="Berat"),1,0) | AA30: =IF(Z30=1,J30-ROW()/100000,"") | AB30: =B30&"|"&K30
A31: TY30 | B31: Tipografi | C31: Pola kata berulang | D31: Layar penuh kata yang sama seperti wallpaper; satu kata berbeda. | E31: Sudah | F31: TY30 | G31: 1 | H31: 6 | I31: 8 | J31: =IF(E31="Tidak cocok","",ROUND(H31*W_GAYA_WOW+I31*W_GAYA_MEREK+(11-2*G31)*W_GAYA_MUDAH,1)) | K31: =IF(Z31=1,COUNTIFS($B$2:$B$254,B31,$AA$2:$AA$254,">"&AA31)+1,"—") | L31: 1 | M31: 12 Definisi Patuh | N31: Anomali | O31: “1 grup usaha. 12 anak perusahaan. 12 definisi ‘patuh’.” | P31: Kata PATUH ×12 dengan huruf berbeda-beda → diseragamkan → dasbor grup → CTA konsultasi enterprise | Q31: 0.3 | R31: =IF(Q31="","",1-Q31) | S31: =IF(Q31="","—",TEXT(1-Q31,"0%")&" edukasi · "&TEXT(Q31,"0%")&" meme") | T31: Holding (asesmen & dasbor grup) | U31: holding-header | V31: 15 dtk | W31: M21 / P25 | X31: Grid teks; satu sel berubah warna/kata; kamera mendekat ke sel itu. | Y31: Tanpa nama grup/perusahaan nyata. | Z31: =IF(OR(E31="Bisa",E31="Berat"),1,0) | AA31: =IF(Z31=1,J31-ROW()/100000,"") | AB31: =B31&"|"&K31
A32: TY31 | B32: Tipografi | C32: Teks di jalur / pusaran | D32: Kalimat mengalir mengikuti lengkungan, spiral, atau pusaran. | E32: Sudah | F32: TY31 | G32: 2 | H32: 7 | I32: 7 | J32: =IF(E32="Tidak cocok","",ROUND(H32*W_GAYA_WOW+I32*W_GAYA_MEREK+(11-2*G32)*W_GAYA_MUDAH,1)) | K32: =IF(Z32=1,COUNTIFS($B$2:$B$254,B32,$AA$2:$AA$254,">"&AA32)+1,"—") | L32: 1 | M32: Ke Mana Perginya? | N32: Anomali | O32: “Ke mana perginya data setelah tombol ‘Kirim’ ditekan?” | P32: Kata nama–email–NIK berputar masuk pusaran → keluar sebagai baris RoPA: tujuan, penerima, retensi → CTA | Q32: 0.5 | R32: =IF(Q32="","",1-Q32) | S32: =IF(Q32="","—",TEXT(1-Q32,"0%")&" edukasi · "&TEXT(Q32,"0%")&" meme") | T32: RoPA | U32: ropa-tersimpan | V32: 15 dtk | W32: Baru (turunan M04) | X32: SVG textPath dengan startOffset dianimasikan; spiral mengecil ke tengah. | Z32: =IF(OR(E32="Bisa",E32="Berat"),1,0) | AA32: =IF(Z32=1,J32-ROW()/100000,"") | AB32: =B32&"|"&K32
A33: TY32 | B33: Tipografi | C33: Huruf berjatuhan | D33: Huruf lepas dari kalimat, jatuh, memantul, dan menumpuk di bawah. | E33: Sudah | F33: TY32 | G33: 3 | H33: 8 | I33: 6 | J33: =IF(E33="Tidak cocok","",ROUND(H33*W_GAYA_WOW+I33*W_GAYA_MEREK+(11-2*G33)*W_GAYA_MUDAH,1)) | K33: =IF(Z33=1,COUNTIFS($B$2:$B$254,B33,$AA$2:$AA$254,">"&AA33)+1,"—") | L33: 1 | M33: 40 Halaman | N33: Relate | O33: “Tidak ada yang membaca kebijakan privasi 40 halaman. Termasuk yang menulisnya.” | P33: Paragraf runtuh jadi tumpukan huruf → tersusun ulang jadi temuan per bab → CTA | Q33: 0.7 | R33: =IF(Q33="","",1-Q33) | S33: =IF(Q33="","—",TEXT(1-Q33,"0%")&" edukasi · "&TEXT(Q33,"0%")&" meme") | T33: Telaah Kebijakan | U33: policy-review | V33: 15 dtk | W33: M16 (varian) | X33: Lintasan jatuh dihitung dari rumus (tanpa simulasi acak); rotasi dari hash. | Y33: “40 halaman” = ilustrasi. | Z33: =IF(OR(E33="Bisa",E33="Berat"),1,0) | AA33: =IF(Z33=1,J33-ROW()/100000,"") | AB33: =B33&"|"&K33
A34: TY33 | B34: Tipografi | C34: Anagram (huruf bertukar tempat) | D34: Huruf-huruf sebuah kata bertukar tempat membentuk kata lain. | E34: Sudah | F34: TY33 | G34: 1 | H34: 9 | I34: 9 | J34: =IF(E34="Tidak cocok","",ROUND(H34*W_GAYA_WOW+I34*W_GAYA_MEREK+(11-2*G34)*W_GAYA_MUDAH,1)) | K34: =IF(Z34=1,COUNTIFS($B$2:$B$254,B34,$AA$2:$AA$254,">"&AA34)+1,"—") | L34: 1 | M34: NAMA ↔ AMAN | N34: Anomali | O34: “NAMA dan AMAN tersusun dari empat huruf yang sama.” | P34: NAMA → huruf bertukar → AMAN → “bedanya cuma di cara mengaturnya” → RoPA & log bukti → CTA | Q34: 0.1 | R34: =IF(Q34="","",1-Q34) | S34: =IF(Q34="","—",TEXT(1-Q34,"0%")&" edukasi · "&TEXT(Q34,"0%")&" meme") | T34: Platform, RoPA | U34: ropa-list-baru | V34: 10 dtk | W34: Baru | X34: Tiap huruf pindah posisi lewat lengkungan; jeda bertingkat. | Y34: Hook paling hemat: 4 huruf. | Z34: =IF(OR(E34="Bisa",E34="Berat"),1,0) | AA34: =IF(Z34=1,J34-ROW()/100000,"") | AB34: =B34&"|"&K34
A35: TY34 | B35: Tipografi | C35: Kaligram (kata membentuk gambar) | D35: Ratusan kata kecil tersusun membentuk gambar (gembok, perisai). | E35: Sudah | F35: TY34 | G35: 3 | H35: 8 | I35: 8 | J35: =IF(E35="Tidak cocok","",ROUND(H35*W_GAYA_WOW+I35*W_GAYA_MEREK+(11-2*G35)*W_GAYA_MUDAH,1)) | K35: =IF(Z35=1,COUNTIFS($B$2:$B$254,B35,$AA$2:$AA$254,">"&AA35)+1,"—") | L35: 1 | M35: Gembok dari Kata-kata | N35: Anomali | O35: “Gembok ini tidak terbuat dari besi, tapi dari catatan.” | P35: Kata RoPA, DPIA, bukti, log, tenggat… berkumpul → membentuk gembok → logo → CTA | Q35: 0.3 | R35: =IF(Q35="","",1-Q35) | S35: =IF(Q35="","—",TEXT(1-Q35,"0%")&" edukasi · "&TEXT(Q35,"0%")&" meme") | T35: Platform | U35: — | V35: 10 dtk | W35: Baru (bumper) | X35: Kata ditempatkan di titik-titik siluet (dihitung sekali), muncul bergelombang. | Z35: =IF(OR(E35="Bisa",E35="Berat"),1,0) | AA35: =IF(Z35=1,J35-ROW()/100000,"") | AB35: =B35&"|"&K35
A36: TY35 | B36: Tipografi | C36: ASCII art | D36: Gambar dari karakter ketik (#, /, |) di layar terminal. | E36: Sudah | F36: TY35 | G36: 2 | H36: 7 | I36: 6 | J36: =IF(E36="Tidak cocok","",ROUND(H36*W_GAYA_WOW+I36*W_GAYA_MEREK+(11-2*G36)*W_GAYA_MUDAH,1)) | K36: =IF(Z36=1,COUNTIFS($B$2:$B$254,B36,$AA$2:$AA$254,">"&AA36)+1,"—") | L36: 1 | M36: README.md | N36: Reverse psychology | O36: “Jangan baca README ini kalau integrasimu sudah mencatat bukti persetujuan.” | P36: README ASCII → 3 langkah integrasi (sematkan, API, webhook) → gembok ASCII → CTA | Q36: 0.7 | R36: =IF(Q36="","",1-Q36) | S36: =IF(Q36="","—",TEXT(1-Q36,"0%")&" edukasi · "&TEXT(Q36,"0%")&" meme") | T36: Consent, DSR (API & webhook) | U36: consent-detail | V36: 15 dtk | W36: Baru (audiens developer) | X36: Blok <pre> monospace; baris muncul dari atas; karakter berganti membentuk gambar. | Z36: =IF(OR(E36="Bisa",E36="Berat"),1,0) | AA36: =IF(Z36=1,J36-ROW()/100000,"") | AB36: =B36&"|"&K36
A37: TY36 | B37: Tipografi | C37: Subtitle saja di layar hitam | D37: Layar hitam total; hanya subtitle dan suara (langkah kaki, pintu, ketukan). | E37: Sudah | F37: TY36 | G37: 1 | H37: 8 | I37: 8 | J37: =IF(E37="Tidak cocok","",ROUND(H37*W_GAYA_WOW+I37*W_GAYA_MEREK+(11-2*G37)*W_GAYA_MUDAH,1)) | K37: =IF(Z37=1,COUNTIFS($B$2:$B$254,B37,$AA$2:$AA$254,">"&AA37)+1,"—") | L37: 1 | M37: Selamat Pagi, Kami dari Tim Audit | N37: Anomali | O37: “[pintu diketuk] Selamat pagi, kami dari tim audit.” | P37: Dialog tanpa gambar → “[hening panjang]” → layar menyala: dasbor kepatuhan → CTA | Q37: 0.3 | R37: =IF(Q37="","",1-Q37) | S37: =IF(Q37="","—",TEXT(1-Q37,"0%")&" edukasi · "&TEXT(Q37,"0%")&" meme") | T37: Dasbor, GAP Assessment | U37: dashboard | V37: 15 dtk | W37: Baru (turunan A16) | X37: Teks subtitle + keterangan suara dalam kurung; desain suara jadi “gambar”. | Y37: Produksi paling ringan. | Z37: =IF(OR(E37="Bisa",E37="Berat"),1,0) | AA37: =IF(Z37=1,J37-ROW()/100000,"") | AB37: =B37&"|"&K37
A38: TY37 | B38: Tipografi | C38: Tulisan tangan (write-on) | D38: Kalimat ditulis tangan huruf demi huruf, seperti catatan di kertas. | E38: Sudah | F38: TY37 | G38: 2 | H38: 6 | I38: 8 | J38: =IF(E38="Tidak cocok","",ROUND(H38*W_GAYA_WOW+I38*W_GAYA_MEREK+(11-2*G38)*W_GAYA_MUDAH,1)) | K38: =IF(Z38=1,COUNTIFS($B$2:$B$254,B38,$AA$2:$AA$254,">"&AA38)+1,"—") | L38: 1 | M38: Catatan Kecil untuk Direksi | N38: Relate | O38: “Pak, laporannya 482 halaman. Ringkasannya satu layar.” | P38: Catatan ditulis di kertas tempel → ditempel di tumpukan laporan → dasbor satu layar → CTA | Q38: 0.3 | R38: =IF(Q38="","",1-Q38) | S38: =IF(Q38="","—",TEXT(1-Q38,"0%")&" edukasi · "&TEXT(Q38,"0%")&" meme") | T38: Dasbor kepatuhan | U38: dashboard | V38: 10 dtk | W38: P32 / M01 | X38: Font tulisan tangan + pembuka clip-path per huruf; ujung pena mengikuti. | Y38: “482 halaman” = ilustrasi. | Z38: =IF(OR(E38="Bisa",E38="Berat"),1,0) | AA38: =IF(Z38=1,J38-ROW()/100000,"") | AB38: =B38&"|"&K38
A39: TY38 | B39: Tipografi | C39: Kaligrafi kuas | D39: Satu kata digores kuas tinta tebal, dengan cipratan kecil. | E39: Sudah | F39: TY38 | G39: 3 | H39: 8 | I39: 7 | J39: =IF(E39="Tidak cocok","",ROUND(H39*W_GAYA_WOW+I39*W_GAYA_MEREK+(11-2*G39)*W_GAYA_MUDAH,1)) | K39: =IF(Z39=1,COUNTIFS($B$2:$B$254,B39,$AA$2:$AA$254,">"&AA39)+1,"—") | L39: 1 | M39: Satu Kata untuk 2027 | N39: Logika dipatahkan | O39: “Resolusi 2027 kantor ini cukup satu kata.” | P39: Kertas kosong → goresan kuas: RAPI → daftar langkah siap PP 33 → CTA | Q39: 0.5 | R39: =IF(Q39="","",1-Q39) | S39: =IF(Q39="","—",TEXT(1-Q39,"0%")&" edukasi · "&TEXT(Q39,"0%")&" meme") | T39: GAP, program siap PP 33 | U39: — | V39: 10 dtk | W39: A24 | X39: Masker sapuan (clip-path/mask) membuka teks; tekstur tinta dari turbulence. | Z39: =IF(OR(E39="Bisa",E39="Berat"),1,0) | AA39: =IF(Z39=1,J39-ROW()/100000,"") | AB39: =B39&"|"&K39
A40: TY39 | B40: Tipografi | C40: Stensil / cat semprot | D40: Huruf stensil disemprot ke dinding; cat meluber di tepi. | E40: Sudah | F40: TY39 | G40: 2 | H40: 7 | I40: 5 | J40: =IF(E40="Tidak cocok","",ROUND(H40*W_GAYA_WOW+I40*W_GAYA_MEREK+(11-2*G40)*W_GAYA_MUDAH,1)) | K40: =IF(Z40=1,COUNTIFS($B$2:$B$254,B40,$AA$2:$AA$254,">"&AA40)+1,"—") | L40: 1 | M40: Dilarang Patuh Setengah-setengah | N40: Reverse psychology | O40: “DILARANG PATUH SETENGAH-SETENGAH.” | P40: Tulisan disemprot → panah ke daftar “setengah” (RoPA ada, bukti tidak) → GAP Assessment → CTA | Q40: 0.8 | R40: =IF(Q40="","",1-Q40) | S40: =IF(Q40="","—",TEXT(1-Q40,"0%")&" edukasi · "&TEXT(Q40,"0%")&" meme") | T40: GAP Assessment | U40: gap-rekomendasi | V40: 10 dtk | W40: Baru | X40: Font stensil + tekstur bintik (canvas hash) + garis lelehan cat turun. | Y40: Nada keras; cocok organik, bukan iklan korporat. | Z40: =IF(OR(E40="Bisa",E40="Berat"),1,0) | AA40: =IF(Z40=1,J40-ROW()/100000,"") | AB40: =B40&"|"&K40
A41: TY40 | B41: Tipografi | C41: Letterpress / poster huruf kayu | D41: Poster pengumuman jadul: huruf kayu besar, tinta tidak rata. | E41: Sudah | F41: TY40 | G41: 2 | H41: 7 | I41: 7 | J41: =IF(E41="Tidak cocok","",ROUND(H41*W_GAYA_WOW+I41*W_GAYA_MEREK+(11-2*G41)*W_GAYA_MUDAH,1)) | K41: =IF(Z41=1,COUNTIFS($B$2:$B$254,B41,$AA$2:$AA$254,">"&AA41)+1,"—") | L41: 1 | M41: PENGUMUMAN | N41: Anomali | O41: “PENGUMUMAN: mulai 16 Januari 2027, ‘nanti saja’ tidak berlaku.” | P41: Poster dicetak baris demi baris → tanggal → program siap PP 33 → CTA | Q41: 0.5 | R41: =IF(Q41="","",1-Q41) | S41: =IF(Q41="","—",TEXT(1-Q41,"0%")&" edukasi · "&TEXT(Q41,"0%")&" meme") | T41: Program siap PP 33 | U41: — | V41: 10 dtk | W41: A23 / N08 | X41: Beberapa font display + tekstur tinta (mask bintik), masuk seperti dicap. | Z41: =IF(OR(E41="Bisa",E41="Berat"),1,0) | AA41: =IF(Z41=1,J41-ROW()/100000,"") | AB41: =B41&"|"&K41
A42: TY41 | B42: Tipografi | C42: Label maker (pita timbul) | D42: Pita label timbul hitam-putih ditempel di benda-benda. | E42: Sudah | F42: TY41 | G42: 2 | H42: 8 | I42: 7 | J42: =IF(E42="Tidak cocok","",ROUND(H42*W_GAYA_WOW+I42*W_GAYA_MEREK+(11-2*G42)*W_GAYA_MUDAH,1)) | K42: =IF(Z42=1,COUNTIFS($B$2:$B$254,B42,$AA$2:$AA$254,">"&AA42)+1,"—") | L42: 1 | M42: Beri Label Semuanya | N42: Relate | O42: “Coba beri label semua data di kantormu. Satu per satu.” | P42: Label DATA PRIBADI ditempel manual, makin kewalahan → pemindaian memberi label otomatis (umum/spesifik) → CTA | Q42: 0.5 | R42: =IF(Q42="","",1-Q42) | S42: =IF(Q42="","—",TEXT(1-Q42,"0%")&" edukasi · "&TEXT(Q42,"0%")&" meme") | T42: Data Discovery | U42: — | V42: 15 dtk | W42: A11 / M15 | X42: Pita hitam dengan huruf timbul (text-shadow), keluar dari alat lalu ditempel miring. | Z42: =IF(OR(E42="Bisa",E42="Berat"),1,0) | AA42: =IF(Z42=1,J42-ROW()/100000,"") | AB42: =B42&"|"&K42
A43: TY42 | B43: Tipografi | C43: Rambu & marka jalan | D43: Rambu lalu lintas dan marka jalan dengan pesan kepatuhan. | E43: Sudah | F43: TY42 | G43: 2 | H43: 7 | I43: 7 | J43: =IF(E43="Tidak cocok","",ROUND(H43*W_GAYA_WOW+I43*W_GAYA_MEREK+(11-2*G43)*W_GAYA_MUDAH,1)) | K43: =IF(Z43=1,COUNTIFS($B$2:$B$254,B43,$AA$2:$AA$254,">"&AA43)+1,"—") | L43: 1 | M43: Rambu-rambu Data Pribadi | N43: Relate | O43: “Kalau kewajiban data pribadi dipasang seperti rambu jalan.” | P43: Rambu: WAJIB CATAT · HATI-HATI DATA SPESIFIK · LAPOR 3×24 JAM → peta modul Nexus → CTA | Q43: 0.5 | R43: =IF(Q43="","",1-Q43) | S43: =IF(Q43="","—",TEXT(1-Q43,"0%")&" edukasi · "&TEXT(Q43,"0%")&" meme") | T43: Platform, Insiden | U43: — | V43: 15 dtk | W43: Baru | X43: Bentuk rambu SVG (lingkaran, segitiga, belah ketupat) + huruf tebal; jalan bergerak. | Y43: Bentuk rambu umum; tanpa lambang instansi. | Z43: =IF(OR(E43="Bisa",E43="Berat"),1,0) | AA43: =IF(Z43=1,J43-ROW()/100000,"") | AB43: =B43&"|"&K43
A44: TY43 | B44: Tipografi | C44: Spanduk warung tenda | D44: Huruf warna-warni tebal bergradasi seperti spanduk warung kaki lima. | E44: Sudah | F44: TY43 | G44: 3 | H44: 9 | I44: 6 | J44: =IF(E44="Tidak cocok","",ROUND(H44*W_GAYA_WOW+I44*W_GAYA_MEREK+(11-2*G44)*W_GAYA_MUDAH,1)) | K44: =IF(Z44=1,COUNTIFS($B$2:$B$254,B44,$AA$2:$AA$254,">"&AA44)+1,"—") | L44: 1 | M44: Warung Kepatuhan | N44: Relate | O44: “Kalau urusan data pribadi buka warung tenda: SEDIA RoPA, DPIA, DSR. Buka 24 jam.” | P44: Spanduk terbentang → “menu” modul → “bisa dibungkus” (ekspor laporan) → CTA | Q44: 0.7 | R44: =IF(Q44="","",1-Q44) | S44: =IF(Q44="","—",TEXT(1-Q44,"0%")&" edukasi · "&TEXT(Q44,"0%")&" meme") | T44: Platform | U44: — | V44: 15 dtk | W44: Baru (lokal) | X44: Huruf display + gradasi + garis tepi ganda; kain bergelombang (skew sinus). | Y44: Gaya huruf umum; jangan meniru spanduk warung tertentu. | Z44: =IF(OR(E44="Bisa",E44="Berat"),1,0) | AA44: =IF(Z44=1,J44-ROW()/100000,"") | AB44: =B44&"|"&K44
A45: TY44 | B45: Tipografi | C45: Papan huruf (letter board) | D45: Papan beralur dengan huruf plastik putih yang dipasang satu-satu. | E45: Sudah | F45: TY44 | G45: 2 | H45: 7 | I45: 7 | J45: =IF(E45="Tidak cocok","",ROUND(H45*W_GAYA_WOW+I45*W_GAYA_MEREK+(11-2*G45)*W_GAYA_MUDAH,1)) | K45: =IF(Z45=1,COUNTIFS($B$2:$B$254,B45,$AA$2:$AA$254,">"&AA45)+1,"—") | L45: 1 | M45: Sedang Tayang | N45: Relate | O45: “SEDANG TAYANG: AUDIT. Tanpa gladi resik.” | P45: Huruf dipasang → judul berganti: “SEGERA: FIRE DRILL” → simulasi → CTA | Q45: 0.5 | R45: =IF(Q45="","",1-Q45) | S45: =IF(Q45="","—",TEXT(1-Q45,"0%")&" edukasi · "&TEXT(Q45,"0%")&" meme") | T45: Simulasi & Fire Drill | U45: fire-drill-header | V45: 10 dtk | W45: M12 | X45: Huruf masuk ke alur papan dengan bunyi klik; beberapa huruf miring. | Z45: =IF(OR(E45="Bisa",E45="Berat"),1,0) | AA45: =IF(Z45=1,J45-ROW()/100000,"") | AB45: =B45&"|"&K45
A46: TY45 | B46: Tipografi | C46: Tes mata (papan huruf mengecil) | D46: Papan tes mata: huruf besar di atas, makin kecil ke bawah. | E46: Sudah | F46: TY45 | G46: 1 | H46: 9 | I46: 9 | J46: =IF(E46="Tidak cocok","",ROUND(H46*W_GAYA_WOW+I46*W_GAYA_MEREK+(11-2*G46)*W_GAYA_MUDAH,1)) | K46: =IF(Z46=1,COUNTIFS($B$2:$B$254,B46,$AA$2:$AA$254,">"&AA46)+1,"—") | L46: 1 | M46: Baca Baris Paling Bawah | N46: Reverse psychology | O46: “Coba baca baris paling bawah. Itu syarat yang baru kamu setujui.” | P46: Papan tes mata berisi kalimat persetujuan → baris bawah tak terbaca → versi jelas & aksesibel → CTA | Q46: 0.3 | R46: =IF(Q46="","",1-Q46) | S46: =IF(Q46="","—",TEXT(1-Q46,"0%")&" edukasi · "&TEXT(Q46,"0%")&" meme") | T46: Inclusive Privacy, Consent | U46: inclusive-privacy | V46: 15 dtk | W46: M10 / A32 | X46: Baris teks dengan ukuran menurun; penunjuk bergerak turun; blur bertambah. | Z46: =IF(OR(E46="Bisa",E46="Berat"),1,0) | AA46: =IF(Z46=1,J46-ROW()/100000,"") | AB46: =B46&"|"&K46
A47: TY46 | B47: Tipografi | C47: Tulisan kecil (fine print) zoom | D47: Kamera menyelam ke tulisan super kecil di pojok halaman. | E47: Sudah | F47: TY46 | G47: 2 | H47: 8 | I47: 8 | J47: =IF(E47="Tidak cocok","",ROUND(H47*W_GAYA_WOW+I47*W_GAYA_MEREK+(11-2*G47)*W_GAYA_MUDAH,1)) | K47: =IF(Z47=1,COUNTIFS($B$2:$B$254,B47,$AA$2:$AA$254,">"&AA47)+1,"—") | L47: 1 | M47: Tanda Bintang | N47: Anomali | O47: “Pelanggan sudah klik ‘Setuju’. Pertanyaannya: bisa kamu buktikan?” | P47: Tombol Setuju → zoom ke tanda bintang kecil → “bukti: ada/tidak?” → log persetujuan per subjek → CTA | Q47: 0.3 | R47: =IF(Q47="","",1-Q47) | S47: =IF(Q47="","—",TEXT(1-Q47,"0%")&" edukasi · "&TEXT(Q47,"0%")&" meme") | T47: Consent (log & bukti) | U47: consent-detail | V47: 15 dtk | W47: M08 / P07 | X47: Zoom berkelanjutan (skala eksponensial) ke teks mikro; ketajaman muncul bertahap. | Z47: =IF(OR(E47="Bisa",E47="Berat"),1,0) | AA47: =IF(Z47=1,J47-ROW()/100000,"") | AB47: =B47&"|"&K47
A48: TY47 | B48: Tipografi | C48: Rebus emoji | D48: Kalimat yang sebagian katanya diganti emoji; penonton menebak. | E48: Bisa | G48: 1 | H48: 6 | I48: 6 | J48: =IF(E48="Tidak cocok","",ROUND(H48*W_GAYA_WOW+I48*W_GAYA_MEREK+(11-2*G48)*W_GAYA_MUDAH,1)) | K48: =IF(Z48=1,COUNTIFS($B$2:$B$254,B48,$AA$2:$AA$254,">"&AA48)+1,"—") | L48: 1 | M48: Tebak Kewajibannya | N48: Relate | O48: “Tebak kewajiban PDP dari emoji ini: 📝🔍⏰.” | P48: Tiga teka-teki emoji → jawaban (catat, nilai, lapor tepat waktu) → CTA | Q48: 0.7 | R48: =IF(Q48="","",1-Q48) | S48: =IF(Q48="","—",TEXT(1-Q48,"0%")&" edukasi · "&TEXT(Q48,"0%")&" meme") | T48: Platform | U48: — | V48: 15 dtk | W48: Baru | X48: Baris campuran teks + emoji (Noto Color Emoji); jawaban terbuka per kata. | Y48: Untuk interaksi organik. | Z48: =IF(OR(E48="Bisa",E48="Berat"),1,0) | AA48: =IF(Z48=1,J48-ROW()/100000,"") | AB48: =B48&"|"&K48
A49: TY48 | B49: Tipografi | C49: Kredit akhir film | D49: Daftar kredit putih di layar hitam bergulir ke atas. | E49: Sudah | F49: TY48 | G49: 1 | H49: 8 | I49: 8 | J49: =IF(E49="Tidak cocok","",ROUND(H49*W_GAYA_WOW+I49*W_GAYA_MEREK+(11-2*G49)*W_GAYA_MUDAH,1)) | K49: =IF(Z49=1,COUNTIFS($B$2:$B$254,B49,$AA$2:$AA$254,">"&AA49)+1,"—") | L49: 1 | M49: Film dengan Satu Pemeran | N49: Relate | O49: “Pemeran: DPO sebagai Legal. DPO sebagai IT. DPO sebagai CS. DPO sebagai Humas.” | P49: Kredit terus berisi nama yang sama → “Turut membantu: Privasimu Nexus” → CTA | Q49: 0.3 | R49: =IF(Q49="","",1-Q49) | S49: =IF(Q49="","—",TEXT(1-Q49,"0%")&" edukasi · "&TEXT(Q49,"0%")&" meme") | T49: Dukungan PPDP | U49: — | V49: 15 dtk | W49: A06 / A21 | X49: Blok teks translateY linear; kolom peran–nama. | Z49: =IF(OR(E49="Bisa",E49="Berat"),1,0) | AA49: =IF(Z49=1,J49-ROW()/100000,"") | AB49: =B49&"|"&K49
A50: TY49 | B50: Tipografi | C50: Awan kata | D50: Kata-kata berbagai ukuran memenuhi layar; yang paling sering paling besar. | E50: Sudah | F50: TY49 | G50: 2 | H50: 6 | I50: 7 | J50: =IF(E50="Tidak cocok","",ROUND(H50*W_GAYA_WOW+I50*W_GAYA_MEREK+(11-2*G50)*W_GAYA_MUDAH,1)) | K50: =IF(Z50=1,COUNTIFS($B$2:$B$254,B50,$AA$2:$AA$254,">"&AA50)+1,"—") | L50: 1 | M50: Kata Paling Sering Tahun Ini | N50: Relate | O50: “Kata yang paling sering diucapkan DPO tahun ini: ‘revisi’.” | P50: Awan kata tumbuh (revisi, rapat, form, tenggat) → kata baru masuk: “tercatat” → CTA | Q50: 0.5 | R50: =IF(Q50="","",1-Q50) | S50: =IF(Q50="","—",TEXT(1-Q50,"0%")&" edukasi · "&TEXT(Q50,"0%")&" meme") | T50: Brand | U50: — | V50: 10 dtk | W50: A22 (potongan) | X50: Posisi kata dihitung sekali (spiral), ukuran tumbuh; kata utama menyala. | Y50: Frekuensi = ilustrasi. | Z50: =IF(OR(E50="Bisa",E50="Berat"),1,0) | AA50: =IF(Z50=1,J50-ROW()/100000,"") | AB50: =B50&"|"&K50
A51: TY50 | B51: Tipografi | C51: Teks teriris (sliced) | D51: Kalimat terpotong horizontal; irisan bergeser lalu menyatu. | E51: Sudah | F51: TY50 | G51: 1 | H51: 6 | I51: 7 | J51: =IF(E51="Tidak cocok","",ROUND(H51*W_GAYA_WOW+I51*W_GAYA_MEREK+(11-2*G51)*W_GAYA_MUDAH,1)) | K51: =IF(Z51=1,COUNTIFS($B$2:$B$254,B51,$AA$2:$AA$254,">"&AA51)+1,"—") | L51: 1 | M51: Informasi yang Terpotong | N51: Anomali | O51: “Tiap divisi pegang sepotong. Tidak ada yang pegang kalimat utuhnya.” | P51: Kalimat teriris 4 (Legal, IT, CS, Marketing) → irisan menyatu di Nexus → CTA | Q51: 0.5 | R51: =IF(Q51="","",1-Q51) | S51: =IF(Q51="","—",TEXT(1-Q51,"0%")&" edukasi · "&TEXT(Q51,"0%")&" meme") | T51: Platform (modul saling terhubung) | U51: — | V51: 10 dtk | W51: Baru | X51: Beberapa salinan teks dengan clip-path pita; offset X per pita. | Z51: =IF(OR(E51="Bisa",E51="Berat"),1,0) | AA51: =IF(Z51=1,J51-ROW()/100000,"") | AB51: =B51&"|"&K51
A52: TY51 | B52: Tipografi | C52: Zoom tanpa akhir lewat huruf | D52: Kamera masuk ke titik huruf “i”; di dalamnya ada kalimat berikutnya, terus berulang. | E52: Sudah | F52: TY51 | G52: 3 | H52: 9 | I52: 8 | J52: =IF(E52="Tidak cocok","",ROUND(H52*W_GAYA_WOW+I52*W_GAYA_MEREK+(11-2*G52)*W_GAYA_MUDAH,1)) | K52: =IF(Z52=1,COUNTIFS($B$2:$B$254,B52,$AA$2:$AA$254,">"&AA52)+1,"—") | L52: 1 | M52: Di Dalam Titik Huruf i | N52: Anomali | O52: “Di dalam titik huruf ‘i’ ini ada satu kewajiban lagi.” | P52: RoPA → masuk titik: risiko TINGGI → masuk lagi: draf DPIA otomatis → masuk lagi: rencana penanganan risiko → CTA | Q52: 0.3 | R52: =IF(Q52="","",1-Q52) | S52: =IF(Q52="","—",TEXT(1-Q52,"0%")&" edukasi · "&TEXT(Q52,"0%")&" meme") | T52: RoPA → DPIA → Risk Treatment Plan | U52: — | V52: 20 dtk | W52: M05 (varian) | X52: Skala eksponensial bertingkat; tiap tingkat dirender saat mendekati ukuran layar. | Z52: =IF(OR(E52="Bisa",E52="Berat"),1,0) | AA52: =IF(Z52=1,J52-ROW()/100000,"") | AB52: =B52&"|"&K52
A53: TY52 | B53: Tipografi | C53: Label nama “HALO” | D53: Stiker label nama bertuliskan tangan. | E53: Sudah | F53: TY52 | G53: 1 | H53: 6 | I53: 7 | J53: =IF(E53="Tidak cocok","",ROUND(H53*W_GAYA_WOW+I53*W_GAYA_MEREK+(11-2*G53)*W_GAYA_MUDAH,1)) | K53: =IF(Z53=1,COUNTIFS($B$2:$B$254,B53,$AA$2:$AA$254,">"&AA53)+1,"—") | L53: 1 | M53: Halo, Nama Saya DPO | N53: Relate | O53: “HALO, nama saya: DPO (sejak kemarin sore).” | P53: Stiker ditulis → daftar tugas mendadak panjang → DPO Academy + pendampingan → CTA | Q53: 0.5 | R53: =IF(Q53="","",1-Q53) | S53: =IF(Q53="","—",TEXT(1-Q53,"0%")&" edukasi · "&TEXT(Q53,"0%")&" meme") | T53: DPO Academy | U53: dpo-academy | V53: 10 dtk | W53: A36 / M20 | X53: Kartu stiker + tulisan spidol ditulis; ditempel miring. | Z53: =IF(OR(E53="Bisa",E53="Berat"),1,0) | AA53: =IF(Z53=1,J53-ROW()/100000,"") | AB53: =B53&"|"&K53
A54: TY53 | B54: Tipografi | C54: Kalender sobek | D54: Kalender harian; lembar disobek satu per satu. | E54: Sudah | F54: TY53 | G54: 2 | H54: 6 | I54: 8 | J54: =IF(E54="Tidak cocok","",ROUND(H54*W_GAYA_WOW+I54*W_GAYA_MEREK+(11-2*G54)*W_GAYA_MUDAH,1)) | K54: =IF(Z54=1,COUNTIFS($B$2:$B$254,B54,$AA$2:$AA$254,">"&AA54)+1,"—") | L54: 1 | M54: H-sekian | N54: Anomali | O54: “Tiap lembar yang disobek, PP 33 makin dekat.” | P54: Lembar disobek cepat → berhenti di 16 Januari 2027 → daftar siap PP 33 → CTA | Q54: 0.3 | R54: =IF(Q54="","",1-Q54) | S54: =IF(Q54="","—",TEXT(1-Q54,"0%")&" edukasi · "&TEXT(Q54,"0%")&" meme") | T54: Program siap PP 33 | U54: — | V54: 10 dtk | W54: P28 / A23 | X54: Lembar berputar di engsel atas (rotateX) lalu jatuh; angka fit-to-width. | Y54: Hitung mundur mengikuti tanggal tayang. | Z54: =IF(OR(E54="Bisa",E54="Berat"),1,0) | AA54: =IF(Z54=1,J54-ROW()/100000,"") | AB54: =B54&"|"&K54
A55: TY54 | B55: Tipografi | C55: Tipografi aksesibel (morph) | D55: Kalimat yang sama berubah dari huruf kecil rapat menjadi besar, renggang, dan kontras tinggi. | E55: Sudah | F55: TY54 | G55: 2 | H55: 7 | I55: 9 | J55: =IF(E55="Tidak cocok","",ROUND(H55*W_GAYA_WOW+I55*W_GAYA_MEREK+(11-2*G55)*W_GAYA_MUDAH,1)) | K55: =IF(Z55=1,COUNTIFS($B$2:$B$254,B55,$AA$2:$AA$254,">"&AA55)+1,"—") | L55: 1 | M55: Persetujuan yang Bisa Dibaca | N55: Logika dipatahkan | O55: “Persetujuan yang tidak bisa dibaca, bukan persetujuan.” | P55: Kalimat legal kecil → berubah jadi jelas → layar Inclusive Privacy → CTA | Q55: 0.2 | R55: =IF(Q55="","",1-Q55) | S55: =IF(Q55="","—",TEXT(1-Q55,"0%")&" edukasi · "&TEXT(Q55,"0%")&" meme") | T55: Inclusive Privacy | U55: inclusive-privacy | V55: 15 dtk | W55: M10 | X55: Interpolasi ukuran, jarak huruf, kontras; ikon suara sederhana muncul. | Z55: =IF(OR(E55="Bisa",E55="Berat"),1,0) | AA55: =IF(Z55=1,J55-ROW()/100000,"") | AB55: =B55&"|"&K55
A56: TY55 | B56: Tipografi | C56: Tabel periodik | D56: Kotak unsur dengan singkatan dua huruf dan nomor. | E56: Sudah | F56: TY55 | G56: 2 | H56: 6 | I56: 6 | J56: =IF(E56="Tidak cocok","",ROUND(H56*W_GAYA_WOW+I56*W_GAYA_MEREK+(11-2*G56)*W_GAYA_MUDAH,1)) | K56: =IF(Z56=1,COUNTIFS($B$2:$B$254,B56,$AA$2:$AA$254,">"&AA56)+1,"—") | L56: 1 | M56: Unsur-unsur Kepatuhan | N56: Anomali | O56: “Ro. Dp. Ds. Tiga unsur yang wajib ada di kantormu.” | P56: Kotak Ro, Dp, Ds menyala → “bereaksi”: RoPA risiko tinggi → DPIA otomatis → CTA | Q56: 0.7 | R56: =IF(Q56="","",1-Q56) | S56: =IF(Q56="","—",TEXT(1-Q56,"0%")&" edukasi · "&TEXT(Q56,"0%")&" meme") | T56: RoPA, DPIA, DSR | U56: — | V56: 10 dtk | W56: Baru | X56: Grid kotak; kotak menyala berurutan; kotak terpilih membesar. | Y56: Hindari warna/tata letak yang meniru logo serial TV. | Z56: =IF(OR(E56="Bisa",E56="Berat"),1,0) | AA56: =IF(Z56=1,J56-ROW()/100000,"") | AB56: =B56&"|"&K56
A57: TY56 | B57: Tipografi | C57: Daftar isi bertitik | D57: Daftar isi dengan titik-titik penuntun ke nomor halaman. | E57: Sudah | F57: TY56 | G57: 1 | H57: 5 | I57: 8 | J57: =IF(E57="Tidak cocok","",ROUND(H57*W_GAYA_WOW+I57*W_GAYA_MEREK+(11-2*G57)*W_GAYA_MUDAH,1)) | K57: =IF(Z57=1,COUNTIFS($B$2:$B$254,B57,$AA$2:$AA$254,">"&AA57)+1,"—") | L57: 1 | M57: Halaman 482 | N57: Logika dipatahkan | O57: “Bab 1 … hlm. 3. Bab 12 … hlm. 482. Direksi berhenti di hlm. 2.” | P57: Daftar isi memanjang → dilipat jadi satu layar dasbor → CTA | Q57: 0.3 | R57: =IF(Q57="","",1-Q57) | S57: =IF(Q57="","—",TEXT(1-Q57,"0%")&" edukasi · "&TEXT(Q57,"0%")&" meme") | T57: Dasbor kepatuhan | U57: dashboard-postur | V57: 10 dtk | W57: M01 (potongan) | X57: Titik-titik tumbuh (lebar), nomor halaman menghitung naik. | Y57: “482 halaman” = ilustrasi. | Z57: =IF(OR(E57="Bisa",E57="Berat"),1,0) | AA57: =IF(Z57=1,J57-ROW()/100000,"") | AB57: =B57&"|"&K57
A58: GB01 | B58: Grafis & bentuk | C58: Swiss poster / grid | D58: Grid tegas, huruf besar, blok warna datar seperti poster Swiss. | E58: Sudah | F58: N08 | G58: 3 | H58: 7 | I58: 9 | J58: =IF(E58="Tidak cocok","",ROUND(H58*W_GAYA_WOW+I58*W_GAYA_MEREK+(11-2*G58)*W_GAYA_MUDAH,1)) | K58: =IF(Z58=1,COUNTIFS($B$2:$B$254,B58,$AA$2:$AA$254,">"&AA58)+1,"—") | L58: 2 | M58: Program Siap PP 33 | N58: Anomali | O58: Poster kinetik “siap PP 33”. | P58: Masalah → program → langkah → CTA konsultasi | Q58: 0.1 | R58: =IF(Q58="","",1-Q58) | S58: =IF(Q58="","—",TEXT(1-Q58,"0%")&" edukasi · "&TEXT(Q58,"0%")&" meme") | T58: Program siap PP 33 | U58: — | V58: 49,4 dtk | W58: N08 (sudah dirender) | X58: Tata letak grid 12 kolom; blok warna geser; tipografi tebal. | Z58: =IF(OR(E58="Bisa",E58="Berat"),1,0) | AA58: =IF(Z58=1,J58-ROW()/100000,"") | AB58: =B58&"|"&K58
A59: GB02 | B59: Grafis & bentuk | C59: Blueprint (gambar teknik) | D59: Garis putih di atas biru tua seperti denah arsitek. | E59: Sudah | F59: N10 | G59: 3 | H59: 7 | I59: 9 | J59: =IF(E59="Tidak cocok","",ROUND(H59*W_GAYA_WOW+I59*W_GAYA_MEREK+(11-2*G59)*W_GAYA_MUDAH,1)) | K59: =IF(Z59=1,COUNTIFS($B$2:$B$254,B59,$AA$2:$AA$254,">"&AA59)+1,"—") | L59: 2 | M59: Holding & Anak Usaha | N59: Anomali | O59: Denah grup usaha tergambar. | P59: Struktur grup → standar bersama → dasbor grup → CTA | Q59: 0.1 | R59: =IF(Q59="","",1-Q59) | S59: =IF(Q59="","—",TEXT(1-Q59,"0%")&" edukasi · "&TEXT(Q59,"0%")&" meme") | T59: Holding | U59: holding-header | V59: 36 dtk | W59: N10 (sudah dirender) | X59: Garis digambar (stroke), kisi halus, anotasi ukuran. | Z59: =IF(OR(E59="Bisa",E59="Berat"),1,0) | AA59: =IF(Z59=1,J59-ROW()/100000,"") | AB59: =B59&"|"&K59
A60: GB03 | B60: Grafis & bentuk | C60: Flat geometric (Bauhaus) | D60: Lingkaran, kotak, segitiga warna primer menyusun ikon dan adegan. | E60: Sudah | F60: GB03 | G60: 2 | H60: 7 | I60: 8 | J60: =IF(E60="Tidak cocok","",ROUND(H60*W_GAYA_WOW+I60*W_GAYA_MEREK+(11-2*G60)*W_GAYA_MUDAH,1)) | K60: =IF(Z60=1,COUNTIFS($B$2:$B$254,B60,$AA$2:$AA$254,">"&AA60)+1,"—") | L60: 2 | M60: Tiga Bentuk | N60: Anomali | O60: “Semua urusan data pribadi bisa digambar dengan tiga bentuk.” | P60: Lingkaran = orang, kotak = sistem, segitiga = risiko → tersusun jadi alur RoPA–DPIA–DSR → CTA | Q60: 0.3 | R60: =IF(Q60="","",1-Q60) | S60: =IF(Q60="","—",TEXT(1-Q60,"0%")&" edukasi · "&TEXT(Q60,"0%")&" meme") | T60: Platform | U60: — | V60: 15 dtk | W60: Baru | X60: Div/SVG bentuk dasar; pindah-putar-skala; palet 4 warna. | Z60: =IF(OR(E60="Bisa",E60="Berat"),1,0) | AA60: =IF(Z60=1,J60-ROW()/100000,"") | AB60: =B60&"|"&K60
A61: GB04 | B61: Grafis & bentuk | C61: Gooey blob (gumpalan cair) | D61: Gumpalan cair yang saling menempel, menyatu, dan memisah. | E61: Bisa | G61: 2 | H61: 8 | I61: 7 | J61: =IF(E61="Tidak cocok","",ROUND(H61*W_GAYA_WOW+I61*W_GAYA_MEREK+(11-2*G61)*W_GAYA_MUDAH,1)) | K61: =IF(Z61=1,COUNTIFS($B$2:$B$254,B61,$AA$2:$AA$254,">"&AA61)+1,"—") | L61: 2 | M61: Lima Versi Data yang Sama | N61: Anomali | O61: “Lima divisi. Lima versi data pelanggan yang sama.” | P61: Lima gumpalan terpisah → menyatu jadi satu → modul saling terhubung → CTA | Q61: 0.5 | R61: =IF(Q61="","",1-Q61) | S61: =IF(Q61="","—",TEXT(1-Q61,"0%")&" edukasi · "&TEXT(Q61,"0%")&" meme") | T61: Platform | U61: — | V61: 15 dtk | W61: Baru | X61: Filter SVG goo (blur + color matrix) pada lingkaran bergerak. | Z61: =IF(OR(E61="Bisa",E61="Berat"),1,0) | AA61: =IF(Z61=1,J61-ROW()/100000,"") | AB61: =B61&"|"&K61
A62: GB05 | B62: Grafis & bentuk | C62: One-line art (satu garis tanpa putus) | D62: Satu garis tinta yang tidak pernah putus menggambar semua adegan, dengan bercak warna pastel di belakangnya. | E62: Sudah | F62: GB05 | G62: 4 | H62: 10 | I62: 9 | J62: =IF(E62="Tidak cocok","",ROUND(H62*W_GAYA_WOW+I62*W_GAYA_MEREK+(11-2*G62)*W_GAYA_MUDAH,1)) | K62: =IF(Z62=1,COUNTIFS($B$2:$B$254,B62,$AA$2:$AA$254,">"&AA62)+1,"—") | L62: 0 | M62: Satu Garis | N62: Reverse psychology | O62: “Jangan ikuti garis ini… kalau kamu sudah tahu ke mana saja data pelangganmu pergi.” | P62: Garis menggambar Rina & formulir → mengalir ke marketing, CS, pihak ketiga, cloud → kusut → di Nexus terurai: bukti persetujuan, RoPA, DPIA, DSR → seluruh garis membentuk gembok → CTA | Q62: 0.1 | R62: =IF(Q62="","",1-Q62) | S62: =IF(Q62="","—",TEXT(1-Q62,"0%")&" edukasi · "&TEXT(Q62,"0%")&" meme") | T62: Platform (Consent, RoPA, DPIA, DSR) | U62: — | V62: 64 dtk | W62: Flow unggulan “Perjalanan Satu Data” (versi 60 dtk) | X62: Satu path SVG panjang; stroke-dashoffset membuka garis; kamera mengikuti ujung pena; seluruh rute membentuk gambar besar saat kamera mundur. | Y62: Dikerjakan pertama (permintaan). Sudah dirakit di gb05-satu-garis; tinggal render. Rina = tokoh ilustrasi. | Z62: =IF(OR(E62="Bisa",E62="Berat"),1,0) | AA62: =IF(Z62=1,J62-ROW()/100000,"") | AB62: =B62&"|"&K62
A63: GB06 | B63: Grafis & bentuk | C63: Ikon garis menggambar sendiri | D63: Ikon garis tipis tergambar dari nol, banyak goresan. | E63: Bisa | G63: 2 | H63: 6 | I63: 9 | J63: =IF(E63="Tidak cocok","",ROUND(H63*W_GAYA_WOW+I63*W_GAYA_MEREK+(11-2*G63)*W_GAYA_MUDAH,1)) | K63: =IF(Z63=1,COUNTIFS($B$2:$B$254,B63,$AA$2:$AA$254,">"&AA63)+1,"—") | L63: 2 | M63: Lima Fase | N63: Relate | O63: “Jam 3 pagi. Alurnya sudah siap.” | P63: Ikon 5 fase insiden tergambar berurutan → templat pemberitahuan & RACI → CTA | Q63: 0.2 | R63: =IF(Q63="","",1-Q63) | S63: =IF(Q63="","—",TEXT(1-Q63,"0%")&" edukasi · "&TEXT(Q63,"0%")&" meme") | T63: Manajemen Insiden | U63: breach-detail, breach-aksi | V63: 15 dtk | W63: P30 | X63: stroke-dashoffset per goresan dengan jeda bertingkat. | Z63: =IF(OR(E63="Bisa",E63="Berat"),1,0) | AA63: =IF(Z63=1,J63-ROW()/100000,"") | AB63: =B63&"|"&K63
A64: GB07 | B64: Grafis & bentuk | C64: Isometrik miniatur | D64: Kantor mungil dilihat dari sudut atas; jam berputar, tugas menumpuk. | E64: Berat | G64: 5 | H64: 9 | I64: 8 | J64: =IF(E64="Tidak cocok","",ROUND(H64*W_GAYA_WOW+I64*W_GAYA_MEREK+(11-2*G64)*W_GAYA_MUDAH,1)) | K64: =IF(Z64=1,COUNTIFS($B$2:$B$254,B64,$AA$2:$AA$254,">"&AA64)+1,"—") | L64: 2 | M64: Sehari Jadi DPO (Versi Jujur) | N64: Relate | O64: “Day in the life of a DPO. Versi jujur.” | P64: 08.00 kopi → 10.00 DSR masuk → 13.00 rapat → 03.00 insiden → antrean kerja Nexus merapikan → CTA | Q64: 0.3 | R64: =IF(Q64="","",1-Q64) | S64: =IF(Q64="","—",TEXT(1-Q64,"0%")&" edukasi · "&TEXT(Q64,"0%")&" meme") | T64: Dukungan PPDP, DSR, Insiden | U64: dashboard | V64: 30 dtk | W64: A21 | X64: CSS 3D (rotateX 60° rotateZ 45°) balok tiga sisi; cahaya berubah pagi–malam. | Z64: =IF(OR(E64="Bisa",E64="Berat"),1,0) | AA64: =IF(Z64=1,J64-ROW()/100000,"") | AB64: =B64&"|"&K64
A65: GB08 | B65: Grafis & bentuk | C65: Halftone / risograph | D65: Cetak sablon dua warna dengan titik raster dan registrasi sedikit meleset. | E65: Bisa | G65: 2 | H65: 8 | I65: 7 | J65: =IF(E65="Tidak cocok","",ROUND(H65*W_GAYA_WOW+I65*W_GAYA_MEREK+(11-2*G65)*W_GAYA_MUDAH,1)) | K65: =IF(Z65=1,COUNTIFS($B$2:$B$254,B65,$AA$2:$AA$254,">"&AA65)+1,"—") | L65: 2 | M65: 5 Tanda Belum Siap | N65: Anomali | O65: “5 tanda perusahaanmu belum siap PP 33. Nomor 3 paling sering.” | P65: Poster bernomor 1–5 dicetak lapis demi lapis → GAP Assessment → CTA | Q65: 0.5 | R65: =IF(Q65="","",1-Q65) | S65: =IF(Q65="","—",TEXT(1-Q65,"0%")&" edukasi · "&TEXT(Q65,"0%")&" meme") | T65: GAP, program siap PP 33 | U65: gap-rekomendasi | V65: 20 dtk | W65: A46 | X65: Pola radial-gradient titik + mix-blend multiply dua lapis warna bergeser. | Z65: =IF(OR(E65="Bisa",E65="Berat"),1,0) | AA65: =IF(Z65=1,J65-ROW()/100000,"") | AB65: =B65&"|"&K65
A66: GB09 | B66: Grafis & bentuk | C66: Glassmorphism / aurora | D66: Kartu kaca buram melayang di atas gradasi bergerak. | E66: Bisa | G66: 2 | H66: 7 | I66: 9 | J66: =IF(E66="Tidak cocok","",ROUND(H66*W_GAYA_WOW+I66*W_GAYA_MEREK+(11-2*G66)*W_GAYA_MUDAH,1)) | K66: =IF(Z66=1,COUNTIFS($B$2:$B$254,B66,$AA$2:$AA$254,">"&AA66)+1,"—") | L66: 2 | M66: Satu Layar | N66: Logika dipatahkan | O66: “Laporan terbaik bukan yang paling tebal.” | P66: Kartu kaca KPI muncul satu-satu (skor, DSR, insiden) dari dasbor asli → CTA | Q66: 0.2 | R66: =IF(Q66="","",1-Q66) | S66: =IF(Q66="","—",TEXT(1-Q66,"0%")&" edukasi · "&TEXT(Q66,"0%")&" meme") | T66: Dasbor kepatuhan | U66: dashboard, dashboard-postur | V66: 15 dtk | W66: P32 | X66: backdrop-filter blur + gradasi kanvas; kartu paralaks. | Z66: =IF(OR(E66="Bisa",E66="Berat"),1,0) | AA66: =IF(Z66=1,J66-ROW()/100000,"") | AB66: =B66&"|"&K66
A67: GB10 | B67: Grafis & bentuk | C67: Claymorphism (3D lembut) | D67: Ikon gembung lembut seperti mainan, bayangan halus. | E67: Bisa | G67: 3 | H67: 8 | I67: 8 | J67: =IF(E67="Tidak cocok","",ROUND(H67*W_GAYA_WOW+I67*W_GAYA_MEREK+(11-2*G67)*W_GAYA_MUDAH,1)) | K67: =IF(Z67=1,COUNTIFS($B$2:$B$254,B67,$AA$2:$AA$254,">"&AA67)+1,"—") | L67: 2 | M67: Pengguna Kelas 5 SD | N67: Anomali | O67: “Pengguna paling setia aplikasimu mungkin masih kelas 5 SD.” | P67: Avatar anak gembung → formulir → “butuh izin wali” → Children Pro → CTA | Q67: 0.3 | R67: =IF(Q67="","",1-Q67) | S67: =IF(Q67="","—",TEXT(1-Q67,"0%")&" edukasi · "&TEXT(Q67,"0%")&" meme") | T67: Children Pro | U67: children-pro | V67: 15 dtk | W67: M09 / P08 | X67: Bentuk membulat + bayangan dalam/luar ganda; pantulan kecil. | Y67: Tanpa foto anak; ilustrasi saja. | Z67: =IF(OR(E67="Bisa",E67="Berat"),1,0) | AA67: =IF(Z67=1,J67-ROW()/100000,"") | AB67: =B67&"|"&K67
A68: GB11 | B68: Grafis & bentuk | C68: Infografik animasi | D68: Batang, donat, dan garis tumbuh dengan angka yang menghitung. | E68: Sudah | F68: GB11 | G68: 2 | H68: 6 | I68: 9 | J68: =IF(E68="Tidak cocok","",ROUND(H68*W_GAYA_WOW+I68*W_GAYA_MEREK+(11-2*G68)*W_GAYA_MUDAH,1)) | K68: =IF(Z68=1,COUNTIFS($B$2:$B$254,B68,$AA$2:$AA$254,">"&AA68)+1,"—") | L68: 2 | M68: Patuh Itu Bukan Ya/Tidak | N68: Logika dipatahkan | O68: “‘Sudah patuh atau belum?’ itu pertanyaan yang salah.” | P68: Sakelar ya/tidak → berubah jadi tingkat kematangan per domain → rekomendasi peningkatan → CTA | Q68: 0.2 | R68: =IF(Q68="","",1-Q68) | S68: =IF(Q68="","—",TEXT(1-Q68,"0%")&" edukasi · "&TEXT(Q68,"0%")&" meme") | T68: Maturity Assessment | U68: — | V68: 20 dtk | W68: M03 | X68: SVG/div tinggi-lebar dari data; angka odometer. | Y68: Perlu screenshot baru Maturity. | Z68: =IF(OR(E68="Bisa",E68="Berat"),1,0) | AA68: =IF(Z68=1,J68-ROW()/100000,"") | AB68: =B68&"|"&K68
A69: GB12 | B69: Grafis & bentuk | C69: Low-poly | D69: Bentang alam dari segitiga-segitiga datar berwarna. | E69: Bisa | G69: 3 | H69: 7 | I69: 7 | J69: =IF(E69="Tidak cocok","",ROUND(H69*W_GAYA_WOW+I69*W_GAYA_MEREK+(11-2*G69)*W_GAYA_MUDAH,1)) | K69: =IF(Z69=1,COUNTIFS($B$2:$B$254,B69,$AA$2:$AA$254,">"&AA69)+1,"—") | L69: 2 | M69: Mendaki Tingkat | N69: Anomali | O69: “Tidak ada lift menuju puncak kepatuhan. Tapi ada peta.” | P69: Gunung low-poly → bendera tiap tingkat kematangan → jalur rekomendasi → CTA | Q69: 0.5 | R69: =IF(Q69="","",1-Q69) | S69: =IF(Q69="","—",TEXT(1-Q69,"0%")&" edukasi · "&TEXT(Q69,"0%")&" meme") | T69: Maturity Assessment | U69: — | V69: 15 dtk | W69: M03 (varian) | X69: Poligon SVG dengan warna per sisi; cahaya bergeser. | Y69: Perlu screenshot baru Maturity. | Z69: =IF(OR(E69="Bisa",E69="Berat"),1,0) | AA69: =IF(Z69=1,J69-ROW()/100000,"") | AB69: =B69&"|"&K69
A70: GB13 | B70: Grafis & bentuk | C70: Origami (lipat kertas) | D70: Kertas dilipat berkali-kali menjadi bentuk baru. | E70: Sudah | F70: GB13 | G70: 4 | H70: 9 | I70: 8 | J70: =IF(E70="Tidak cocok","",ROUND(H70*W_GAYA_WOW+I70*W_GAYA_MEREK+(11-2*G70)*W_GAYA_MUDAH,1)) | K70: =IF(Z70=1,COUNTIFS($B$2:$B$254,B70,$AA$2:$AA$254,">"&AA70)+1,"—") | L70: 2 | M70: Selembar Kontrak | N70: Logika dipatahkan | O70: “Kontrak sudah ditandatangani. Bukan berarti datanya aman.” | P70: Kontrak dilipat jadi pesawat (dilupakan) → dibuka lagi → telaah per bab + rekomendasi klausul → dilipat jadi perisai → CTA | Q70: 0.3 | R70: =IF(Q70="","",1-Q70) | S70: =IF(Q70="","—",TEXT(1-Q70,"0%")&" edukasi · "&TEXT(Q70,"0%")&" meme") | T70: Telaah Kontrak | U70: — | V70: 20 dtk | W70: M17 / P09 | X70: Panel CSS 3D berputar di engsel lipatan; bayangan lipatan. | Z70: =IF(OR(E70="Bisa",E70="Berat"),1,0) | AA70: =IF(Z70=1,J70-ROW()/100000,"") | AB70: =B70&"|"&K70
A71: GB14 | B71: Grafis & bentuk | C71: Tangram | D71: Tujuh keping geometris disusun ulang menjadi berbagai gambar. | E71: Bisa | G71: 3 | H71: 9 | I71: 8 | J71: =IF(E71="Tidak cocok","",ROUND(H71*W_GAYA_WOW+I71*W_GAYA_MEREK+(11-2*G71)*W_GAYA_MUDAH,1)) | K71: =IF(Z71=1,COUNTIFS($B$2:$B$254,B71,$AA$2:$AA$254,">"&AA71)+1,"—") | L71: 2 | M71: Tujuh Keping | N71: Anomali | O71: “Tujuh keping yang sama. Susunannya yang menentukan.” | P71: Keping berserakan → tanda tanya → rumah → perisai → logo → CTA | Q71: 0.3 | R71: =IF(Q71="","",1-Q71) | S71: =IF(Q71="","—",TEXT(1-Q71,"0%")&" edukasi · "&TEXT(Q71,"0%")&" meme") | T71: Platform | U71: — | V71: 15 dtk | W71: Baru | X71: Tujuh poligon; tiap susunan = daftar posisi & rotasi; interpolasi antarsusunan. | Z71: =IF(OR(E71="Bisa",E71="Berat"),1,0) | AA71: =IF(Z71=1,J71-ROW()/100000,"") | AB71: =B71&"|"&K71
A72: GB15 | B72: Grafis & bentuk | C72: Piksel / mosaik | D72: Kotak-kotak kecil acak yang tersortir menjadi gambar rapi. | E72: Bisa | G72: 2 | H72: 8 | I72: 7 | J72: =IF(E72="Tidak cocok","",ROUND(H72*W_GAYA_WOW+I72*W_GAYA_MEREK+(11-2*G72)*W_GAYA_MUDAH,1)) | K72: =IF(Z72=1,COUNTIFS($B$2:$B$254,B72,$AA$2:$AA$254,">"&AA72)+1,"—") | L72: 2 | M72: Sortir | N72: Relate | O72: “Tonton sampai rapi.” | P72: Piksel acak = data tercampur → tersortir: umum / spesifik / bukan data pribadi → CTA | Q72: 0.5 | R72: =IF(Q72="","",1-Q72) | S72: =IF(Q72="","—",TEXT(1-Q72,"0%")&" edukasi · "&TEXT(Q72,"0%")&" meme") | T72: Data Discovery | U72: — | V72: 10 dtk | W72: Baru | X72: Grid sel; posisi awal acak (hash) → posisi akhir; warna per kategori. | Y72: Efek memuaskan; cocok untuk loop. | Z72: =IF(OR(E72="Bisa",E72="Berat"),1,0) | AA72: =IF(Z72=1,J72-ROW()/100000,"") | AB72: =B72&"|"&K72
A73: GB16 | B73: Grafis & bentuk | C73: Titik berpindah (partikel membentuk ikon) | D73: Ribuan titik berkumpul membentuk ikon, lalu bubar membentuk ikon lain. | E73: Bisa | G73: 3 | H73: 8 | I73: 8 | J73: =IF(E73="Tidak cocok","",ROUND(H73*W_GAYA_WOW+I73*W_GAYA_MEREK+(11-2*G73)*W_GAYA_MUDAH,1)) | K73: =IF(Z73=1,COUNTIFS($B$2:$B$254,B73,$AA$2:$AA$254,">"&AA73)+1,"—") | L73: 2 | M73: Gambar Besar | N73: Anomali | O73: “Satu titik tidak berarti apa-apa. Sampai semuanya terkumpul.” | P73: Titik = catatan kecil → membentuk dokumen → perisai → logo → CTA | Q73: 0.3 | R73: =IF(Q73="","",1-Q73) | S73: =IF(Q73="","—",TEXT(1-Q73,"0%")&" edukasi · "&TEXT(Q73,"0%")&" meme") | T73: Platform | U73: — | V73: 10 dtk | W73: Baru (bumper) | X73: Canvas: titik target dari sampling bentuk; interpolasi posisi dengan jeda hash. | Z73: =IF(OR(E73="Bisa",E73="Berat"),1,0) | AA73: =IF(Z73=1,J73-ROW()/100000,"") | AB73: =B73&"|"&K73
A74: GB17 | B74: Grafis & bentuk | C74: Garis kontur (topografi) | D74: Garis kontur peta membentuk bukit dan lembah. | E74: Bisa | G74: 3 | H74: 7 | I74: 8 | J74: =IF(E74="Tidak cocok","",ROUND(H74*W_GAYA_WOW+I74*W_GAYA_MEREK+(11-2*G74)*W_GAYA_MUDAH,1)) | K74: =IF(Z74=1,COUNTIFS($B$2:$B$254,B74,$AA$2:$AA$254,">"&AA74)+1,"—") | L74: 2 | M74: Peta Risiko | N74: Anomali | O74: “Proyek paling berisiko di kantormu biasanya proyek yang paling ditunggu-tunggu.” | P74: Kontur datar → satu puncak merah naik → matriks 5×5 DPIA → rencana mitigasi → CTA | Q74: 0.3 | R74: =IF(Q74="","",1-Q74) | S74: =IF(Q74="","—",TEXT(1-Q74,"0%")&" edukasi · "&TEXT(Q74,"0%")&" meme") | T74: DPIA | U74: dashboard-risiko, dpia-risiko | V74: 15 dtk | W74: M05 | X74: Path kontur bertingkat dari fungsi noise deterministik; warna per ketinggian. | Z74: =IF(OR(E74="Bisa",E74="Berat"),1,0) | AA74: =IF(Z74=1,J74-ROW()/100000,"") | AB74: =B74&"|"&K74
A75: GB18 | B75: Grafis & bentuk | C75: Guilloché (pola sertifikat) | D75: Pola garis halus berpilin seperti di sertifikat dan uang kertas. | E75: Bisa | G75: 3 | H75: 8 | I75: 9 | J75: =IF(E75="Tidak cocok","",ROUND(H75*W_GAYA_WOW+I75*W_GAYA_MEREK+(11-2*G75)*W_GAYA_MUDAH,1)) | K75: =IF(Z75=1,COUNTIFS($B$2:$B$254,B75,$AA$2:$AA$254,">"&AA75)+1,"—") | L75: 2 | M75: Bukti | N75: Logika dipatahkan | O75: “Klik ‘Setuju’ tanpa bukti sama dengan tidak pernah setuju.” | P75: Pola guilloché tergambar → jadi lembar bukti persetujuan: siapa, kapan, kanal → CTA | Q75: 0.2 | R75: =IF(Q75="","",1-Q75) | S75: =IF(Q75="","—",TEXT(1-Q75,"0%")&" edukasi · "&TEXT(Q75,"0%")&" meme") | T75: Consent (log & bukti) | U75: consent-detail | V75: 15 dtk | W75: M08 | X75: Kurva rosette (rumus epitrochoid) digambar stroke; bingkai sertifikat. | Z75: =IF(OR(E75="Bisa",E75="Berat"),1,0) | AA75: =IF(Z75=1,J75-ROW()/100000,"") | AB75: =B75&"|"&K75
A76: GB19 | B76: Grafis & bentuk | C76: Batik geometris (kawung) | D76: Motif kawung/ceplok tersusun berulang dan berputar pelan. | E76: Bisa | G76: 3 | H76: 8 | I76: 8 | J76: =IF(E76="Tidak cocok","",ROUND(H76*W_GAYA_WOW+I76*W_GAYA_MEREK+(11-2*G76)*W_GAYA_MUDAH,1)) | K76: =IF(Z76=1,COUNTIFS($B$2:$B$254,B76,$AA$2:$AA$254,">"&AA76)+1,"—") | L76: 2 | M76: Pola | N76: Anomali | O76: “Pola yang rapi selalu lahir dari aturan yang jelas.” | P76: Satu elips → kawung → kain penuh → aturannya: UU PDP & PP 33 → Nexus → CTA | Q76: 0.3 | R76: =IF(Q76="","",1-Q76) | S76: =IF(Q76="","—",TEXT(1-Q76,"0%")&" edukasi · "&TEXT(Q76,"0%")&" meme") | T76: Brand, Platform | U76: — | V76: 15 dtk | W76: Baru (lokal) | X76: Elips SVG berulang dalam grid; muncul bergelombang dari tengah. | Y76: Pakai motif umum (kawung/ceplok); hormati makna budaya. | Z76: =IF(OR(E76="Bisa",E76="Berat"),1,0) | AA76: =IF(Z76=1,J76-ROW()/100000,"") | AB76: =B76&"|"&K76
A77: GB20 | B77: Grafis & bentuk | C77: Diagram Venn | D77: Lingkaran tembus pandang saling bertumpuk; irisan diberi label. | E77: Sudah | F77: GB20 | G77: 1 | H77: 7 | I77: 8 | J77: =IF(E77="Tidak cocok","",ROUND(H77*W_GAYA_WOW+I77*W_GAYA_MEREK+(11-2*G77)*W_GAYA_MUDAH,1)) | K77: =IF(Z77=1,COUNTIFS($B$2:$B$254,B77,$AA$2:$AA$254,">"&AA77)+1,"—") | L77: 2 | M77: Irisan | N77: Relate | O77: “Legal. IT. Bisnis. Yang di tengah itu kamu, DPO.” | P77: Tiga lingkaran mendekat → irisan tengah menyala → antrean kerja & Priva → CTA | Q77: 0.3 | R77: =IF(Q77="","",1-Q77) | S77: =IF(Q77="","—",TEXT(1-Q77,"0%")&" edukasi · "&TEXT(Q77,"0%")&" meme") | T77: Dukungan PPDP | U77: ai-agent-home | V77: 10 dtk | W77: A12 / A13 | X77: Lingkaran mix-blend; label muncul di irisan. | Z77: =IF(OR(E77="Bisa",E77="Berat"),1,0) | AA77: =IF(Z77=1,J77-ROW()/100000,"") | AB77: =B77&"|"&K77
A78: GB21 | B78: Grafis & bentuk | C78: Flowchart / pohon keputusan | D78: Kotak dan belah ketupat terhubung panah; jalur aktif menyala. | E78: Bisa | G78: 2 | H78: 6 | I78: 9 | J78: =IF(E78="Tidak cocok","",ROUND(H78*W_GAYA_WOW+I78*W_GAYA_MEREK+(11-2*G78)*W_GAYA_MUDAH,1)) | K78: =IF(Z78=1,COUNTIFS($B$2:$B$254,B78,$AA$2:$AA$254,">"&AA78)+1,"—") | L78: 2 | M78: Apakah Ini Data Pribadi? | N78: Relate | O78: “Flowchart paling jujur di kantor: ‘Apakah ini data pribadi?’” | P78: Pertanyaan → Ya → spesifik? → Ya → risiko TINGGI → draf DPIA otomatis → CTA | Q78: 0.2 | R78: =IF(Q78="","",1-Q78) | S78: =IF(Q78="","—",TEXT(1-Q78,"0%")&" edukasi · "&TEXT(Q78,"0%")&" meme") | T78: RoPA → DPIA otomatis | U78: ropa-data-spesifik | V78: 15 dtk | W78: A11 | X78: Node div + panah SVG digambar; jalur disorot mengikuti VO. | Z78: =IF(OR(E78="Bisa",E78="Berat"),1,0) | AA78: =IF(Z78=1,J78-ROW()/100000,"") | AB78: =B78&"|"&K78
A79: GB22 | B79: Grafis & bentuk | C79: Mind map / graf simpul | D79: Simpul-simpul terhubung garis; satu ditarik, yang lain ikut bergerak. | E79: Bisa | G79: 3 | H79: 7 | I79: 9 | J79: =IF(E79="Tidak cocok","",ROUND(H79*W_GAYA_WOW+I79*W_GAYA_MEREK+(11-2*G79)*W_GAYA_MUDAH,1)) | K79: =IF(Z79=1,COUNTIFS($B$2:$B$254,B79,$AA$2:$AA$254,">"&AA79)+1,"—") | L79: 2 | M79: Tarik Satu | N79: Anomali | O79: “Tarik satu data. Lihat apa saja yang ikut bergerak.” | P79: Simpul “data pelanggan” ditarik → RoPA, DPIA, pihak ketiga, kontrak ikut → semua saling terkait di Nexus → CTA | Q79: 0.2 | R79: =IF(Q79="","",1-Q79) | S79: =IF(Q79="","—",TEXT(1-Q79,"0%")&" edukasi · "&TEXT(Q79,"0%")&" meme") | T79: Platform, Pihak Ketiga | U79: — | V79: 15 dtk | W79: Baru | X79: Posisi simpul dari rumus pegas sederhana (deterministik); garis mengikuti. | Z79: =IF(OR(E79="Bisa",E79="Berat"),1,0) | AA79: =IF(Z79=1,J79-ROW()/100000,"") | AB79: =B79&"|"&K79
A80: GB23 | B80: Grafis & bentuk | C80: Linimasa / Gantt | D80: Garis waktu horizontal dengan batang tahapan yang terisi. | E80: Sudah | F80: GB23 | G80: 1 | H80: 5 | I80: 9 | J80: =IF(E80="Tidak cocok","",ROUND(H80*W_GAYA_WOW+I80*W_GAYA_MEREK+(11-2*G80)*W_GAYA_MUDAH,1)) | K80: =IF(Z80=1,COUNTIFS($B$2:$B$254,B80,$AA$2:$AA$254,">"&AA80)+1,"—") | L80: 2 | M80: Hitung Mundur Sudah Jalan | N80: Anomali | O80: “Hitung mundur sudah jalan. Rencanamu?” | P80: Garis waktu ke 16 Jan 2027 → tahapan program siap PP 33 terisi → CTA konsultasi | Q80: 0.2 | R80: =IF(Q80="","",1-Q80) | S80: =IF(Q80="","—",TEXT(1-Q80,"0%")&" edukasi · "&TEXT(Q80,"0%")&" meme") | T80: Program siap PP 33 | U80: — | V80: 15 dtk | W80: P28 / N08 | X80: Batang scaleX berurutan; penanda hari ini bergerak. | Z80: =IF(OR(E80="Bisa",E80="Berat"),1,0) | AA80: =IF(Z80=1,J80-ROW()/100000,"") | AB80: =B80&"|"&K80
A81: GB24 | B81: Grafis & bentuk | C81: Peta titik & busur | D81: Peta dunia dari titik-titik; busur cahaya menghubungkan negara. | E81: Berat | G81: 4 | H81: 8 | I81: 9 | J81: =IF(E81="Tidak cocok","",ROUND(H81*W_GAYA_WOW+I81*W_GAYA_MEREK+(11-2*G81)*W_GAYA_MUDAH,1)) | K81: =IF(Z81=1,COUNTIFS($B$2:$B$254,B81,$AA$2:$AA$254,">"&AA81)+1,"—") | L81: 2 | M81: Cloud-nya di Negara Mana? | N81: Logika dipatahkan | O81: “‘Datanya di mana?’ ‘Di cloud.’ ‘Cloud-nya di negara mana?’” | P81: Busur dari Indonesia ke luar → tanda tanya → register transfer + TIA → CTA | Q81: 0.2 | R81: =IF(Q81="","",1-Q81) | S81: =IF(Q81="","—",TEXT(1-Q81,"0%")&" edukasi · "&TEXT(Q81,"0%")&" meme") | T81: Transfer Data Lintas Negara | U81: — | V81: 20 dtk | W81: M14 / P10 | X81: Titik peta dari data grid kasar; busur path digambar + kepala bercahaya. | Y81: Perlu data titik peta; tanpa nama penyedia cloud. | Z81: =IF(OR(E81="Bisa",E81="Berat"),1,0) | AA81: =IF(Z81=1,J81-ROW()/100000,"") | AB81: =B81&"|"&K81
A82: GB25 | B82: Grafis & bentuk | C82: Radar / sonar | D82: Layar radar hijau; jarum menyapu dan titik temuan menyala. | E82: Bisa | G82: 2 | H82: 8 | I82: 8 | J82: =IF(E82="Tidak cocok","",ROUND(H82*W_GAYA_WOW+I82*W_GAYA_MEREK+(11-2*G82)*W_GAYA_MUDAH,1)) | K82: =IF(Z82=1,COUNTIFS($B$2:$B$254,B82,$AA$2:$AA$254,">"&AA82)+1,"—") | L82: 2 | M82: Yang Tidak Kamu Tahu Ada | N82: Logika dipatahkan | O82: “Data paling berisiko bukan yang paling sensitif. Tapi yang tidak kamu tahu ada.” | P82: Radar menyapu → titik temuan: NIK di kolom lama → dikaitkan ke RoPA → CTA | Q82: 0.3 | R82: =IF(Q82="","",1-Q82) | S82: =IF(Q82="","—",TEXT(1-Q82,"0%")&" edukasi · "&TEXT(Q82,"0%")&" meme") | T82: Data Discovery | U82: — | V82: 15 dtk | W82: M15 / P15 | X82: Conic-gradient berputar + titik muncul saat tersapu; pendar memudar. | Z82: =IF(OR(E82="Bisa",E82="Berat"),1,0) | AA82: =IF(Z82=1,J82-ROW()/100000,"") | AB82: =B82&"|"&K82
A83: GB26 | B83: Grafis & bentuk | C83: Barcode / QR | D83: Garis barcode dan kotak QR tersusun, dipindai garis merah. | E83: Bisa | G83: 1 | H83: 6 | I83: 8 | J83: =IF(E83="Tidak cocok","",ROUND(H83*W_GAYA_WOW+I83*W_GAYA_MEREK+(11-2*G83)*W_GAYA_MUDAH,1)) | K83: =IF(Z83=1,COUNTIFS($B$2:$B$254,B83,$AA$2:$AA$254,">"&AA83)+1,"—") | L83: 2 | M83: Semua Punya Nomor | N83: Anomali | O83: “Semua yang tercatat punya nomor. Yang tidak tercatat?” | P83: Barcode ROPA-, DPIA-, DSR-, BRC- dipindai → satu benda tanpa kode → CTA | Q83: 0.3 | R83: =IF(Q83="","",1-Q83) | S83: =IF(Q83="","—",TEXT(1-Q83,"0%")&" edukasi · "&TEXT(Q83,"0%")&" meme") | T83: RoPA, DPIA, DSR, Insiden (kode otomatis) | U83: ropa-tersimpan | V83: 10 dtk | W83: Baru | X83: Batang lebar dari hash; garis pindai; kode teks di bawah. | Z83: =IF(OR(E83="Bisa",E83="Berat"),1,0) | AA83: =IF(Z83=1,J83-ROW()/100000,"") | AB83: =B83&"|"&K83
A84: GB27 | B84: Grafis & bentuk | C84: Labirin | D84: Labirin dari atas; garis mencari jalan, buntu, lalu menemukan rute. | E84: Sudah | F84: GB27 | G84: 3 | H84: 8 | I84: 8 | J84: =IF(E84="Tidak cocok","",ROUND(H84*W_GAYA_WOW+I84*W_GAYA_MEREK+(11-2*G84)*W_GAYA_MUDAH,1)) | K84: =IF(Z84=1,COUNTIFS($B$2:$B$254,B84,$AA$2:$AA$254,">"&AA84)+1,"—") | L84: 2 | M84: Mencari Satu Dokumen | N84: Relate | O84: “Beginilah rasanya mencari satu dokumen bukti saat audit.” | P84: Garis tersesat di labirin folder → tampilan atas: jalur lurus → analisis bukti per pertanyaan → CTA | Q84: 0.3 | R84: =IF(Q84="","",1-Q84) | S84: =IF(Q84="","—",TEXT(1-Q84,"0%")&" edukasi · "&TEXT(Q84,"0%")&" meme") | T84: GAP Assessment (analisis bukti) | U84: gap-rekomendasi | V84: 15 dtk | W84: Baru | X84: Labirin grid tetap; jalur solusi digambar stroke; jalan buntu berkedip. | Z84: =IF(OR(E84="Bisa",E84="Berat"),1,0) | AA84: =IF(Z84=1,J84-ROW()/100000,"") | AB84: =B84&"|"&K84
A85: GB28 | B85: Grafis & bentuk | C85: Puzzle | D85: Keping puzzle saling mengunci membentuk gambar. | E85: Bisa | G85: 2 | H85: 6 | I85: 8 | J85: =IF(E85="Tidak cocok","",ROUND(H85*W_GAYA_WOW+I85*W_GAYA_MEREK+(11-2*G85)*W_GAYA_MUDAH,1)) | K85: =IF(Z85=1,COUNTIFS($B$2:$B$254,B85,$AA$2:$AA$254,">"&AA85)+1,"—") | L85: 2 | M85: Satu Keping Hilang | N85: Anomali | O85: “Satu keping hilang, gambarnya tidak pernah selesai.” | P85: Puzzle modul hampir lengkap → satu lubang: pihak ketiga → keping masuk → CTA | Q85: 0.3 | R85: =IF(Q85="","",1-Q85) | S85: =IF(Q85="","—",TEXT(1-Q85,"0%")&" edukasi · "&TEXT(Q85,"0%")&" meme") | T85: Pihak Ketiga, Platform | U85: — | V85: 10 dtk | W85: M13 (varian) | X85: Path keping dengan tonjolan; keping masuk dari luar layar. | Z85: =IF(OR(E85="Bisa",E85="Berat"),1,0) | AA85: =IF(Z85=1,J85-ROW()/100000,"") | AB85: =B85&"|"&K85
A86: GB29 | B86: Grafis & bentuk | C86: Efek domino | D86: Deretan domino jatuh berantai, bercabang, memicu hal berikutnya. | E86: Bisa | G86: 3 | H86: 9 | I86: 9 | J86: =IF(E86="Tidak cocok","",ROUND(H86*W_GAYA_WOW+I86*W_GAYA_MEREK+(11-2*G86)*W_GAYA_MUDAH,1)) | K86: =IF(Z86=1,COUNTIFS($B$2:$B$254,B86,$AA$2:$AA$254,">"&AA86)+1,"—") | L86: 2 | M86: Satu Centang | N86: Anomali | O86: “Satu centang di formulir ini menjatuhkan semua yang ada di belakangnya.” | P86: Centang “data spesifik” → domino jatuh: risiko TINGGI → draf DPIA dibuat otomatis → rencana penanganan risiko → CTA | Q86: 0.2 | R86: =IF(Q86="","",1-Q86) | S86: =IF(Q86="","—",TEXT(1-Q86,"0%")&" edukasi · "&TEXT(Q86,"0%")&" meme") | T86: RoPA → DPIA (otomatis) | U86: ropa-data-spesifik, dpia-list | V86: 15 dtk | W86: A11 / M05 | X86: Rotasi tiap keping berurutan dari rumus; cabang dengan jeda. | Z86: =IF(OR(E86="Bisa",E86="Berat"),1,0) | AA86: =IF(Z86=1,J86-ROW()/100000,"") | AB86: =B86&"|"&K86
A87: GB30 | B87: Grafis & bentuk | C87: Roda gigi | D87: Roda gigi berputar saling menggerakkan. | E87: Bisa | G87: 2 | H87: 6 | I87: 8 | J87: =IF(E87="Tidak cocok","",ROUND(H87*W_GAYA_WOW+I87*W_GAYA_MEREK+(11-2*G87)*W_GAYA_MUDAH,1)) | K87: =IF(Z87=1,COUNTIFS($B$2:$B$254,B87,$AA$2:$AA$254,">"&AA87)+1,"—") | L87: 2 | M87: Tiga Roda | N87: Relate | O87: “Kalau satu orang jadi pembuat, penelaah, dan penyetuju sekaligus, itu bukan alur. Itu lingkaran.” | P87: Satu roda berputar sendiri → tiga roda: Maker, Reviewer, Approver → riwayat perubahan → CTA | Q87: 0.3 | R87: =IF(Q87="","",1-Q87) | S87: =IF(Q87="","—",TEXT(1-Q87,"0%")&" edukasi · "&TEXT(Q87,"0%")&" meme") | T87: RoPA (alur Maker–Reviewer–Approver) | U87: — | V87: 15 dtk | W87: Baru | X87: SVG roda gigi; rasio putar dari jumlah gigi. | Z87: =IF(OR(E87="Bisa",E87="Berat"),1,0) | AA87: =IF(Z87=1,J87-ROW()/100000,"") | AB87: =B87&"|"&K87
A88: GB31 | B88: Grafis & bentuk | C88: Timbangan (neraca) | D88: Neraca dua lengan; beban ditambah, lengan miring. | E88: Bisa | G88: 2 | H88: 7 | I88: 9 | J88: =IF(E88="Tidak cocok","",ROUND(H88*W_GAYA_WOW+I88*W_GAYA_MEREK+(11-2*G88)*W_GAYA_MUDAH,1)) | K88: =IF(Z88=1,COUNTIFS($B$2:$B$254,B88,$AA$2:$AA$254,">"&AA88)+1,"—") | L88: 2 | M88: Bukan Tiket Bebas | N88: Logika dipatahkan | O88: “‘Kan kita punya kepentingan yang sah.’ Kalimat ini bukan tiket bebas.” | P88: Kepentingan organisasi di kiri, hak subjek data di kanan → ditimbang → hasil didokumentasikan (LIA) → CTA | Q88: 0.2 | R88: =IF(Q88="","",1-Q88) | S88: =IF(Q88="","—",TEXT(1-Q88,"0%")&" edukasi · "&TEXT(Q88,"0%")&" meme") | T88: LIA | U88: — | V88: 15 dtk | W88: M06 / P24 | X88: Rotasi lengan dari selisih beban; piring menggantung tegak. | Y88: Perlu screenshot baru LIA. | Z88: =IF(OR(E88="Bisa",E88="Berat"),1,0) | AA88: =IF(Z88=1,J88-ROW()/100000,"") | AB88: =B88&"|"&K88
A89: GB32 | B89: Grafis & bentuk | C89: Menara balok | D89: Menara balok kayu; satu balok ditarik, menara goyah. | E89: Bisa | G89: 3 | H89: 8 | I89: 8 | J89: =IF(E89="Tidak cocok","",ROUND(H89*W_GAYA_WOW+I89*W_GAYA_MEREK+(11-2*G89)*W_GAYA_MUDAH,1)) | K89: =IF(Z89=1,COUNTIFS($B$2:$B$254,B89,$AA$2:$AA$254,">"&AA89)+1,"—") | L89: 2 | M89: Balok yang Bukan Milikmu | N89: Anomali | O89: “Kebocoran bisa lewat pintu yang bukan milikmu.” | P89: Menara = sistemmu; balok bawah berlabel “pihak ketiga” ditarik → goyah → asesmen & skor pihak ketiga → CTA | Q89: 0.3 | R89: =IF(Q89="","",1-Q89) | S89: =IF(Q89="","—",TEXT(1-Q89,"0%")&" edukasi · "&TEXT(Q89,"0%")&" meme") | T89: Manajemen Risiko Pihak Ketiga | U89: — | V89: 15 dtk | W89: M13 / P14 | X89: Balok tersusun; goyangan dari rumus sinus teredam; runtuh terhitung. | Y89: Balok polos, tanpa merek mainan. | Z89: =IF(OR(E89="Bisa",E89="Berat"),1,0) | AA89: =IF(Z89=1,J89-ROW()/100000,"") | AB89: =B89&"|"&K89
A90: GB33 | B90: Grafis & bentuk | C90: Ban berjalan (pabrik) | D90: Ban berjalan pabrik; benda masuk mesin, keluar dalam bentuk baru. | E90: Bisa | G90: 3 | H90: 8 | I90: 8 | J90: =IF(E90="Tidak cocok","",ROUND(H90*W_GAYA_WOW+I90*W_GAYA_MEREK+(11-2*G90)*W_GAYA_MUDAH,1)) | K90: =IF(Z90=1,COUNTIFS($B$2:$B$254,B90,$AA$2:$AA$254,">"&AA90)+1,"—") | L90: 2 | M90: Atau Jangan | N90: Reverse psychology | O90: “Silakan ketik ulang 200 dokumen RoPA-mu satu per satu… atau jangan.” | P90: Dokumen Word/Excel masuk mesin → keluar sebagai rekaman RoPA rapi → CTA | Q90: 0.3 | R90: =IF(Q90="","",1-Q90) | S90: =IF(Q90="","—",TEXT(1-Q90,"0%")&" edukasi · "&TEXT(Q90,"0%")&" meme") | T90: Document Import (AI) | U90: — | V90: 15 dtk | W90: M18 / P19 | X90: Sabuk pola bergerak; mesin kotak dengan lampu; benda translateX. | Y90: “200” = ilustrasi. | Z90: =IF(OR(E90="Bisa",E90="Berat"),1,0) | AA90: =IF(Z90=1,J90-ROW()/100000,"") | AB90: =B90&"|"&K90
A91: GB34 | B91: Grafis & bentuk | C91: Pipa & tetesan | D91: Jaringan pipa; satu sambungan menetes, tetesan makin cepat. | E91: Bisa | G91: 2 | H91: 7 | I91: 8 | J91: =IF(E91="Tidak cocok","",ROUND(H91*W_GAYA_WOW+I91*W_GAYA_MEREK+(11-2*G91)*W_GAYA_MUDAH,1)) | K91: =IF(Z91=1,COUNTIFS($B$2:$B$254,B91,$AA$2:$AA$254,">"&AA91)+1,"—") | L91: 2 | M91: Tetes Pertama | N91: Anomali | O91: “Tetes pertama jarang terdengar.” | P91: Tetes kecil diabaikan → genangan → insiden dicatat: daftar periksa penahanan + hitung mundur → CTA | Q91: 0.3 | R91: =IF(Q91="","",1-Q91) | S91: =IF(Q91="","—",TEXT(1-Q91,"0%")&" edukasi · "&TEXT(Q91,"0%")&" meme") | T91: Manajemen Insiden | U91: breach-fase | V91: 15 dtk | W91: M11 (varian) | X91: Pipa path tebal; tetesan jatuh (rumus gravitasi); genangan membesar. | Z91: =IF(OR(E91="Bisa",E91="Berat"),1,0) | AA91: =IF(Z91=1,J91-ROW()/100000,"") | AB91: =B91&"|"&K91
A92: GB35 | B92: Grafis & bentuk | C92: Benang kusut → rapi | D92: Gulungan benang kusut ditarik perlahan menjadi garis rapi. | E92: Bisa | G92: 3 | H92: 8 | I92: 8 | J92: =IF(E92="Tidak cocok","",ROUND(H92*W_GAYA_WOW+I92*W_GAYA_MEREK+(11-2*G92)*W_GAYA_MUDAH,1)) | K92: =IF(Z92=1,COUNTIFS($B$2:$B$254,B92,$AA$2:$AA$254,">"&AA92)+1,"—") | L92: 2 | M92: RoPA_final_revisi3_FIX | N92: Relate | O92: “Angkat tangan kalau kamu punya file bernama RoPA_final_revisi3_FIX.xlsx.” | P92: Benang kusut = versi file → ditarik jadi satu garis = satu register → CTA | Q92: 0.3 | R92: =IF(Q92="","",1-Q92) | S92: =IF(Q92="","—",TEXT(1-Q92,"0%")&" edukasi · "&TEXT(Q92,"0%")&" meme") | T92: RoPA | U92: ropa-list-baru | V92: 15 dtk | W92: M04 / P02 | X92: Path kusut ↔ path lurus dengan jumlah titik sama; interpolasi. | Z92: =IF(OR(E92="Bisa",E92="Berat"),1,0) | AA92: =IF(Z92=1,J92-ROW()/100000,"") | AB92: =B92&"|"&K92
A93: GB36 | B93: Grafis & bentuk | C93: Rasi bintang | D93: Titik bintang dihubungkan garis membentuk rasi. | E93: Bisa | G93: 2 | H93: 7 | I93: 8 | J93: =IF(E93="Tidak cocok","",ROUND(H93*W_GAYA_WOW+I93*W_GAYA_MEREK+(11-2*G93)*W_GAYA_MUDAH,1)) | K93: =IF(Z93=1,COUNTIFS($B$2:$B$254,B93,$AA$2:$AA$254,">"&AA93)+1,"—") | L93: 2 | M93: 12 Bintang | N93: Anomali | O93: “12 anak usaha. Tanpa garis penghubung, itu cuma titik-titik.” | P93: 12 bintang terpisah → garis menghubungkan → rasi = standar grup → dasbor holding → CTA | Q93: 0.3 | R93: =IF(Q93="","",1-Q93) | S93: =IF(Q93="","—",TEXT(1-Q93,"0%")&" edukasi · "&TEXT(Q93,"0%")&" meme") | T93: Holding | U93: holding-header | V93: 15 dtk | W93: M21 / A33 | X93: Titik berkelip (hash) + garis digambar antarbintang. | Y93: Tanpa nama grup/perusahaan nyata. | Z93: =IF(OR(E93="Bisa",E93="Berat"),1,0) | AA93: =IF(Z93=1,J93-ROW()/100000,"") | AB93: =B93&"|"&K93
A94: GB37 | B94: Grafis & bentuk | C94: Garis detak (EKG) | D94: Garis monitor detak jantung berjalan; ritmenya berubah sesuai cerita. | E94: Bisa | G94: 2 | H94: 7 | I94: 8 | J94: =IF(E94="Tidak cocok","",ROUND(H94*W_GAYA_WOW+I94*W_GAYA_MEREK+(11-2*G94)*W_GAYA_MUDAH,1)) | K94: =IF(Z94=1,COUNTIFS($B$2:$B$254,B94,$AA$2:$AA$254,">"&AA94)+1,"—") | L94: 2 | M94: Detak Jam 3 Pagi | N94: Relate | O94: “Detak jantung DPO saat notifikasi jam 3 pagi.” | P94: Detak tenang → melonjak saat notifikasi → stabil lagi saat alur 5 fase tampil → CTA | Q94: 0.3 | R94: =IF(Q94="","",1-Q94) | S94: =IF(Q94="","—",TEXT(1-Q94,"0%")&" edukasi · "&TEXT(Q94,"0%")&" meme") | T94: Manajemen Insiden | U94: breach-detail | V94: 10 dtk | W94: M11 / A44 | X94: Path gelombang dari rumus; kepala garis bercahaya; grid monitor. | Z94: =IF(OR(E94="Bisa",E94="Berat"),1,0) | AA94: =IF(Z94=1,J94-ROW()/100000,"") | AB94: =B94&"|"&K94
A95: GB38 | B95: Grafis & bentuk | C95: Morph ikon | D95: Satu bentuk berubah mulus menjadi bentuk lain. | E95: Bisa | G95: 3 | H95: 7 | I95: 9 | J95: =IF(E95="Tidak cocok","",ROUND(H95*W_GAYA_WOW+I95*W_GAYA_MEREK+(11-2*G95)*W_GAYA_MUDAH,1)) | K95: =IF(Z95=1,COUNTIFS($B$2:$B$254,B95,$AA$2:$AA$254,">"&AA95)+1,"—") | L95: 2 | M95: Dokumen Jadi Perisai | N95: Anomali | O95: “Dokumen yang tercatat berubah jadi ini.” | P95: Dokumen → perisai → gembok → logo | Q95: 0.2 | R95: =IF(Q95="","",1-Q95) | S95: =IF(Q95="","—",TEXT(1-Q95,"0%")&" edukasi · "&TEXT(Q95,"0%")&" meme") | T95: Platform | U95: — | V95: 5 dtk | W95: Baru (bumper logo) | X95: Interpolasi titik path dengan jumlah titik sama. | Z95: =IF(OR(E95="Bisa",E95="Berat"),1,0) | AA95: =IF(Z95=1,J95-ROW()/100000,"") | AB95: =B95&"|"&K95
A96: GB39 | B96: Grafis & bentuk | C96: Kaleidoskop | D96: Pola simetris berputar seperti teropong kaleidoskop. | E96: Sudah | F96: GB39 | G96: 3 | H96: 8 | I96: 6 | J96: =IF(E96="Tidak cocok","",ROUND(H96*W_GAYA_WOW+I96*W_GAYA_MEREK+(11-2*G96)*W_GAYA_MUDAH,1)) | K96: =IF(Z96=1,COUNTIFS($B$2:$B$254,B96,$AA$2:$AA$254,">"&AA96)+1,"—") | L96: 2 | M96: Dari Dekat, Kacau | N96: Logika dipatahkan | O96: “Dari dekat terlihat kacau. Dari jauh, ini pola.” | P96: Potongan layar modul berputar → mundur: pola simetris → logo → CTA | Q96: 0.7 | R96: =IF(Q96="","",1-Q96) | S96: =IF(Q96="","—",TEXT(1-Q96,"0%")&" edukasi · "&TEXT(Q96,"0%")&" meme") | T96: Platform | U96: dashboard | V96: 10 dtk | W96: Baru (bumper) | X96: Satu irisan konten dicerminkan 6–8 kali (transform + clip-path). | Z96: =IF(OR(E96="Bisa",E96="Berat"),1,0) | AA96: =IF(Z96=1,J96-ROW()/100000,"") | AB96: =B96&"|"&K96
A97: GB40 | B97: Grafis & bentuk | C97: Speedometer / meter jarum | D97: Jarum meter bergerak dari merah ke hijau. | E97: Bisa | G97: 1 | H97: 6 | I97: 9 | J97: =IF(E97="Tidak cocok","",ROUND(H97*W_GAYA_WOW+I97*W_GAYA_MEREK+(11-2*G97)*W_GAYA_MUDAH,1)) | K97: =IF(Z97=1,COUNTIFS($B$2:$B$254,B97,$AA$2:$AA$254,">"&AA97)+1,"—") | L97: 2 | M97: Berani Lihat Jarumnya? | N97: Reverse psychology | O97: “Jangan lihat jarum ini kalau belum siap.” | P97: Jarum bergetar → berhenti di 56 “Cukup” → tiga lapis penyusun skor → CTA | Q97: 0.2 | R97: =IF(Q97="","",1-Q97) | S97: =IF(Q97="","—",TEXT(1-Q97,"0%")&" edukasi · "&TEXT(Q97,"0%")&" meme") | T97: Postur Privasi | U97: postur-privasi | V97: 10 dtk | W97: M02 (varian) | X97: Busur conic-gradient + jarum rotasi dari nilai; angka menghitung. | Y97: Angka dari data demo di screenshot. | Z97: =IF(OR(E97="Bisa",E97="Berat"),1,0) | AA97: =IF(Z97=1,J97-ROW()/100000,"") | AB97: =B97&"|"&K97
A98: GB41 | B98: Grafis & bentuk | C98: Scanimation (ilusi garis geser) | D98: Kisi garis hitam digeser; gambar diam di bawahnya tampak bergerak. | E98: Bisa | G98: 4 | H98: 10 | I98: 7 | J98: =IF(E98="Tidak cocok","",ROUND(H98*W_GAYA_WOW+I98*W_GAYA_MEREK+(11-2*G98)*W_GAYA_MUDAH,1)) | K98: =IF(Z98=1,COUNTIFS($B$2:$B$254,B98,$AA$2:$AA$254,">"&AA98)+1,"—") | L98: 2 | M98: Geser Garisnya | N98: Anomali | O98: “Gambar ini diam. Geser garisnya.” | P98: Kisi bergeser → ikon data tampak berjalan → “data tidak pernah diam” → RoPA mencatat alirannya → CTA | Q98: 0.5 | R98: =IF(Q98="","",1-Q98) | S98: =IF(Q98="","—",TEXT(1-Q98,"0%")&" edukasi · "&TEXT(Q98,"0%")&" meme") | T98: RoPA, Data Discovery | U98: — | V98: 15 dtk | W98: Baru | X98: Gambar gabungan 6 frame bergaris + masker kisi translateX. | Z98: =IF(OR(E98="Bisa",E98="Berat"),1,0) | AA98: =IF(Z98=1,J98-ROW()/100000,"") | AB98: =B98&"|"&K98
A99: GB42 | B99: Grafis & bentuk | C99: Bentuk mustahil (ilusi optik) | D99: Bentuk yang tampak masuk akal dari satu sudut, janggal saat diputar. | E99: Bisa | G99: 4 | H99: 9 | I99: 8 | J99: =IF(E99="Tidak cocok","",ROUND(H99*W_GAYA_WOW+I99*W_GAYA_MEREK+(11-2*G99)*W_GAYA_MUDAH,1)) | K99: =IF(Z99=1,COUNTIFS($B$2:$B$254,B99,$AA$2:$AA$254,">"&AA99)+1,"—") | L99: 2 | M99: Dari Sudut Ini | N99: Logika dipatahkan | O99: “Dari sudut ini, semuanya terlihat patuh.” | P99: Tangga tampak tersambung → kamera berputar: ada celah → GAP Assessment menunjukkan celahnya → CTA | Q99: 0.3 | R99: =IF(Q99="","",1-Q99) | S99: =IF(Q99="","—",TEXT(1-Q99,"0%")&" edukasi · "&TEXT(Q99,"0%")&" meme") | T99: GAP Assessment | U99: gap-hasil | V99: 15 dtk | W99: Baru | X99: Susunan balok CSS 3D yang hanya sejajar dari satu sudut kamera. | Z99: =IF(OR(E99="Bisa",E99="Berat"),1,0) | AA99: =IF(Z99=1,J99-ROW()/100000,"") | AB99: =B99&"|"&K99
A100: GB43 | B100: Grafis & bentuk | C100: Bayangan berbeda | D100: Benda kecil dengan bayangan besar yang bentuknya lain. | E100: Bisa | G100: 2 | H100: 8 | I100: 8 | J100: =IF(E100="Tidak cocok","",ROUND(H100*W_GAYA_WOW+I100*W_GAYA_MEREK+(11-2*G100)*W_GAYA_MUDAH,1)) | K100: =IF(Z100=1,COUNTIFS($B$2:$B$254,B100,$AA$2:$AA$254,">"&AA100)+1,"—") | L100: 2 | M100: Bayangannya | N100: Anomali | O100: “Fiturnya kecil. Bayangannya tidak.” | P100: Tombol “rekomendasi untukmu” → bayangan besar bertuliskan risiko → dinilai lewat DPIA → CTA | Q100: 0.3 | R100: =IF(Q100="","",1-Q100) | S100: =IF(Q100="","—",TEXT(1-Q100,"0%")&" edukasi · "&TEXT(Q100,"0%")&" meme") | T100: DPIA | U100: dpia-risiko | V100: 15 dtk | W100: M05 | X100: Objek + bayangan path terpisah; bayangan membesar dan berubah. | Z100: =IF(OR(E100="Bisa",E100="Berat"),1,0) | AA100: =IF(Z100=1,J100-ROW()/100000,"") | AB100: =B100&"|"&K100
...

Sheet Hook Frasa Viral
A1: Hook frasa viral (termasuk frasa politik): pemancing perhatian, versi aman
A2: Frasa dipakai sebagai PEMANCING di 0–3 detik pertama, lalu video kembali ke pesan produk. Yang dipakai hanya frasanya (teks + suara tim); wajah, suara asli, nama, klip video, dan gambar meme tokoh TIDAK dipakai. Konteks tiap frasa cepat berubah: cek ulang sebelum tayang.
A4: Aturan pakai
A5: 1. Yang boleh: FRASA-nya saja, ditulis sebagai teks dan diucapkan tim/TTS dengan gaya sendiri.
A6: 2. Yang tidak dipakai di iklan: wajah, foto, video, suara asli, nama, atau tiruan suara/logat tokoh mana pun.
A7: 3. Dasar: UU Hak Cipta No. 28/2014 Pasal 12: potret orang untuk reklame/iklan komersial wajib izin tertulis dari orangnya (ancaman denda sampai Rp500 juta).
A8: 4. Suara dan wajah adalah data pribadi (UU PDP). Iklan Privasimu yang memakainya tanpa izin berlawanan dengan pesan produknya sendiri.
A9: 5. Klip TV/YouTube/TikTok dan gambar meme adalah ciptaan pihak lain; myinstants dan sejenisnya hanya untuk pemakaian pribadi nonkomersial.
A10: 6. Frasa tokoh politik yang sedang menjabat bisa dibaca sebagai dukungan atau sindiran. Klien Privasimu banyak dari korporasi, lembaga keuangan, dan BUMN: jaga netralitas.
A11: 7. Saran pemakaian: frasa politik berisiko Sedang hanya untuk konten organik, bukan iklan berbayar. Risiko Tinggi: hindari.
A12: 8. Ini bukan nasihat hukum; konfirmasi dengan penasihat hukum sebelum tayang.
A14: No | B14: Frasa | C14: Jenis | D14: Konteks singkat | E14: Contoh hook Privasimu | F14: Modul | G14: Cara pakai aman | H14: Risiko | I14: Catatan
A15: 1 | B15: “Yo ndak tahu, kok tanya saya.” | C15: Frasa politik | D15: Dikenal luas sebagai YNTKTS; lekat dengan mantan Presiden Jokowi. Dipakai netizen untuk jawaban mengelak. | E15: Ketika auditor tanya: “Data pelanggan disimpan di mana?” — “Yo ndak tahu, kok tanya saya.” — FAAAH. → “Di Nexus, jawabannya ada di katalog sistem.” | F15: Data Discovery, RoPA | G15: Teks di layar + suara tim dengan gaya sendiri | H15: Sedang | I15: Contoh dari pengguna. Tanpa nama, wajah, suara asli, atau logat tiruan.
A16: 2 | B16: “Omon-omon.” | C16: Frasa politik | D16: Diucapkan Prabowo di debat capres 7 Januari 2024. Pada 2026 juga dipakai pengkritik pemerintah. | E16: “Patuh jangan cuma omon-omon. Mana buktinya?” → log persetujuan & bukti. | F16: Consent, GAP Assessment | G16: Teks saja | H16: Tinggi | I16: Sedang dipakai sebagai kritik politik; mudah dibaca berpihak. Sebaiknya dihindari di iklan.
A17: 3 | B17: “Bocor… bocor…” | C17: Frasa politik | D17: Lekat dengan pidato kampanye Prabowo tentang “kebocoran”; lama jadi bahan meme. | E17: “Bocor… bocor…” (kali ini datanya). → penghitung mundur 3×24 jam. | F17: Manajemen Insiden | G17: Teks + suara tim | H17: Sedang | I17: Relevan dengan “kebocoran data”. Cek ulang konteks; jangan menyindir tokohnya.
A18: 4 | B18: “Aku rapopo.” | C18: Frasa politik | D18: Frasa Jawa (“aku tidak apa-apa”) yang populer sejak 2014 dan lekat dengan Jokowi. | E18: Auditor datang mendadak. DPO: “Aku rapopo.” (RoPA-nya sudah rapi.) | F18: RoPA, Dasbor | G18: Teks + suara tim | H18: Sedang | I18: Frasa sehari-hari; asosiasi politiknya sudah melemah.
A19: 5 | B19: Pola “kerja, kerja, kerja” | C19: Frasa politik | D19: Slogan tiga kata yang lekat dengan pemerintahan Jokowi. | E19: “Catat, catat, catat.” (meminjam POLA tiga kata, bukan slogannya) | F19: RoPA | G19: Pakai pola, ganti katanya | H19: Rendah | I19: Tidak mengutip slogan aslinya.
A20: 6 | B20: “Sorry ye.” | C20: Frasa politik | D20: Diucapkan Prabowo di debat capres Desember 2023. | E20: “RoPA-nya belum ada, ya?” — “Sorry ye, sudah tercatat semua.” | F20: RoPA | G20: Teks saja | H20: Sedang | I20: Tanpa gestur/tiruan suara.
A21: 7 | B21: “Saya prihatin.” | C21: Frasa politik | D21: Lekat dengan mantan Presiden SBY. | E21: “Saya prihatin… RoPA-nya masih di spreadsheet.” | F21: RoPA | G21: Teks saja | H21: Sedang | I21: Frasa umum; asosiasi politiknya sudah lama.
A22: 8 | B22: “Kabur aja dulu.” | C22: Frasa politik | D22: Tagar warganet 2025 yang bernuansa kritik sosial-politik. | E22: Auditor datang? “Kabur aja dulu.” …atau buka dasbor. | F22: Dasbor kepatuhan | G22: Teks saja | H22: Sedang | I22: Bernuansa kritik; pakai untuk organik saja.
A23: 9 | B23: “Ndasmu.” | C23: Frasa politik | D23: Ucapan kasar yang viral pada 2023. | E23: — | F23: — | G23: Jangan dipakai | H23: Tinggi | I23: Kasar; tidak cocok untuk merek.
A24: 10 | B24: “Antek asing”, “londo ireng” | C24: Frasa politik | D24: Tuduhan politik yang sedang panas pada 2026. | E24: — | F24: — | G24: Jangan dipakai | H24: Tinggi | I24: Menyasar kelompok tertentu; berisiko tinggi untuk merek.
A25: 11 | B25: “Astaga, bercanda.” | C25: Frasa warganet | D25: Viral Agustus–September 2026. | E25: Pak Bos: “Kita sudah patuh UU PDP, kan?” — “Astaga, bercanda.” | F25: GAP Assessment | G25: Teks + suara tim | H25: Rendah | I25: Sudah dipakai di N11.
A26: 12 | B26: “Orang have / haven’t / not yet.” | C26: Frasa warganet | D26: Istilah gaul September 2026. | E26: “Ada orang have: RoPA lengkap. Ada orang haven’t: masih di Excel. Aku? Orang not yet.” | F26: RoPA, DPIA | G26: Teks + suara tim | H26: Rendah | I26: Sudah dipakai di N11.
A27: 13 | B27: “Adalah pokoknya.” | C27: Frasa warganet | D27: Jawaban mengambang yang viral 2026. | E27: “Dasar pemrosesannya apa?” — “Adalah pokoknya.” | F27: RoPA (wizard) | G27: Teks + suara tim | H27: Rendah | I27: Sudah dipakai di N11; lihat A45.
A28: 14 | B28: “Menyala!” | C28: Frasa warganet | D28: Ungkapan pujian populer sejak 2024. | E28: “RoPA selesai sebelum tenggat. Menyala, DPO-ku!” | F28: RoPA | G28: Teks + suara tim | H28: Rendah
A29: 15 | B29: “Yang penting yakin.” | C29: Frasa warganet | D29: Ungkapan sehari-hari. | E29: “Bukti persetujuannya mana?” — “Yang penting yakin.” | F29: Consent (log & bukti) | G29: Teks + suara tim | H29: Rendah
A30: 16 | B30: “Dahlah.” | C30: Frasa warganet | D30: Ungkapan pasrah. | E30: Membuka file RoPA versi ke-14: “Dahlah.” | F30: RoPA | G30: Teks saja | H30: Rendah
A31: 17 | B31: “Valid, no debat.” | C31: Frasa warganet | D31: Ungkapan setuju mutlak. | E31: “Tercatat, ada bukti, ada tenggat. Valid, no debat.” | F31: Platform | G31: Teks saja | H31: Rendah
A32: 18 | B32: “Bukan kaleng-kaleng.” | C32: Frasa warganet | D32: Ungkapan “bukan sembarangan”. | E32: “Log audit berantai hash. Bukan kaleng-kaleng.” | F32: Log audit | G32: Teks saja | H32: Rendah | I32: Rantai hash bersifat opsional di produk.
A33: 19 | B33: “Tipis-tipis.” | C33: Frasa warganet | D33: Ungkapan “sedikit demi sedikit”. | E33: “Patuhnya tipis-tipis dulu.” → mulai dari Start Pre Check. | F33: GAP Assessment | G33: Teks saja | H33: Rendah
A34: 20 | B34: “Cooked” / “aura” | C34: Frasa warganet | D34: Slang 2026. | E34: “−999 aura: kirim KTP pelanggan lewat grup.” | F34: Brand, Insiden | G34: Teks saja | H34: Rendah | I34: Lihat A43, A44.
A35: 21 | B35: “Kamu nanya?” | C35: Frasa warganet | D35: Viral 2022; lekat dengan satu kreator. | E35: “RoPA itu apa?” — “Kamu nanya?” → kelas DPO Academy. | F35: DPO Academy | G35: Teks saja | H35: Sedang | I35: Jangan meniru gaya bicara/penampilan kreatornya.
A36: 22 | B36: “Emotional damage.” | C36: Frasa warganet | D36: Frasa reaksi yang lekat dengan satu kreator. | E36: CFO membaca “hingga 2% dari pendapatan tahunan”: “Emotional damage.” | F36: Paparan Sanksi | G36: Teks + suara tim tanpa meniru logat | H36: Sedang | I36: Lihat A08.
A37: 23 | B37: “Nanti kita follow up.” | C37: Frasa kantor | D37: Kalimat penutup rapat yang jarang ditindaklanjuti. | E37: “Insidennya kapan dilaporkan?” — “Nanti kita follow up.” (penghitung mundur tetap berjalan) | F37: Manajemen Insiden | G37: Teks + suara tim | H37: Rendah
A38: 24 | B38: “Mohon izin bertanya.” | C38: Frasa kantor | D38: Pembuka sopan khas kantor. | E38: “Mohon izin bertanya: data pribadi itu apa, ya?” | F38: DPO Academy | G38: Teks + suara tim | H38: Rendah
A39: 25 | B39: “Sesuai arahan.” | C39: Frasa kantor | D39: Jawaban aman khas kantor. | E39: “Datanya dikirim ke siapa?” — “Sesuai arahan.” (arahan siapa?) → alur persetujuan tercatat. | F39: RoPA (alur persetujuan) | G39: Teks + suara tim | H39: Rendah
A40: 26 | B40: “Siap, salah.” | C40: Frasa kantor | D40: Jawaban pasrah saat ditegur. | E40: “RoPA-nya mana?” — “Siap, salah.” | F40: RoPA | G40: Teks + suara tim | H40: Rendah
A41: 27 | B41: “Final ya, ini final.” | C41: Frasa kantor | D41: Kalimat sebelum revisi berikutnya. | E41: “Final ya, ini final.” → RoPA_final_revisi3_FIX.xlsx | F41: RoPA | G41: Teks + suara tim | H41: Rendah
A42: 28 | B42: “FAAAH!” (suara) | C42: Suara meme | D42: Suara gagal total yang populer di video meme. | E42: File RoPA “dikunci pengguna lain” → FAAAH. | F42: RoPA | G42: Rekam ulang oleh tim ke motion/sfx-kustom/ atau TTS berlisensi | H42: Rendah | I42: Klip aslinya tidak dipakai (lihat sheet Bank Sound Meme).
A43: 29 | B43: “HAH?” (suara) | C43: Suara meme | D43: Suara reaksi kaget/bingung. | E43: Marketing: “blast ke semua nomor ya!” → HAH? | F43: Consent & Cookie | G43: Rekam ulang oleh tim | H43: Rendah
A44: 30 | B44: Pola “Ini yang harus kamu lakukan ketika…” | C44: Pola hook | D44: Pembuka video fakta unik (contoh acuan dari pengguna). | E44: “Ini yang harus kamu lakukan ketika dapat email ini!” | F44: DSR | G44: Pola kalimat bebas dipakai | H44: Rendah | I44: Lihat gaya SE23.
A45: 31 | B45: Pola “Jangan … kalau …” | C45: Pola hook | D45: Reverse psychology. | E45: “Jangan cek skor kepatuhanmu kalau belum siap kaget.” | F45: GAP Assessment | G45: Pola kalimat bebas dipakai | H45: Rendah | I45: Sudah dipakai di M02, T02.
A46: 32 | B46: Pola “POV:” / “Nobody:” | C46: Pola hook | D46: Format meme teks. | E46: “POV: auditor minta RoPA.” | F46: RoPA | G46: Pola kalimat bebas dipakai | H46: Rendah | I46: Lihat A01, A09.
A47: 33 | B47: Pola “Ketika … tanya …” | C47: Pola hook | D47: Pertanyaan serius dijawab frasa viral. | E47: “Ketika direksi tanya: ‘kita sudah patuh?’” | F47: GAP Assessment | G47: Pola kalimat bebas dipakai | H47: Rendah | I47: Lihat gaya SE24.

Sheet Flow Semua Modul
A1: Flow unggulan: Perjalanan Satu Data (semua modul Privasimu Nexus)
A2: Durasi ± 3:00 (versi potong 60 dtk & 30 dtk ditandai) · Jenis hook: Reverse psychology → Anomali · Hook: "Jangan tonton video ini… kalau perusahaanmu tidak menyimpan satu pun nama, nomor HP, atau email pelanggan." → "Masih di sini? Berarti ini tentang kamu." Catatan: Tokoh "Rina" & datanya FIKTIF: tampilkan keterangan "ilustrasi". Musik: dari tegang (hook) → hangat (perjalanan) → megah (penutup). VO 1 narator + suara Rina (opsional).
A4: # | B4: Waktu | C4: Bab | D4: Visual | E4: Screenshot (path dari D:\AI\privasimu) | F4: Crop / sorot / blur | G4: Teks layar | H4: VO | I4: SFX / musik | J4: Masuk versi (dtk)
A5: 1 | B5: 0:00–0:05 | C5: Hook | D5: Layar hitam, teks putih diketik | E5: — | F5: — | G5: Jangan tonton video ini… | H5: Jangan tonton video ini… | I5: record scratch, hening | J5: 180 · 60 · 30
A6: 2 | B6: 0:05–0:10 | C6: Hook | D6: Ikon kontak, HP, email beterbangan | E6: — | F6: — | G6: …kalau perusahaanmu tidak menyimpan satu pun data pelanggan. | H6: …kalau perusahaanmu tidak menyimpan satu pun nama, nomor HP, atau email pelanggan. | I6: whoosh | J6: 180 · 60 · 30
A7: 3 | B7: 0:10–0:14 | C7: Hook | D7: Ikon-ikon berhenti, zoom ke penonton | E7: — | F7: — | G7: Masih di sini? Berarti ini tentang kamu. | H7: Masih di sini? Berarti ini tentang kamu. | I7: vine boom | J7: 180 · 60 · 30
A8: 4 | B8: 0:14–0:20 | C8: Taruhannya | D8: Kalender dibalik ke 16 Jan 2027 | E8: — | F8: — | G8: PP 33/2026 berlaku 16 Januari 2027 | H8: Undang-undangnya sudah ada. Aturan pelaksananya, PP tiga puluh tiga, berlaku enam belas Januari dua ribu dua puluh tujuh. | I8: flip clock | J8: 180 · 60
A9: 5 | B9: 0:20–0:26 | C9: Taruhannya | D9: Angka 2% membesar | E9: — | F9: — | G9: Sanksi hingga 2% pendapatan tahunan | H9: Sanksi administratifnya bisa sampai dua persen dari pendapatan tahunan. | I9: dun dun dun | J9: 180 · 60
A10: 6 | B10: 0:26–0:32 | C10: Perkenalan | D10: Kartu profil "Rina, 29, pelanggan" (ilustrasi) | E10: — | F10: — | G10: Ikuti perjalanan satu data: Rina | H10: Mari ikuti perjalanan satu data pelanggan. Namanya Rina. | I10: musik hangat masuk | J10: 180 · 60
A11: 7 | B11: 0:32–0:40 | C11: Bab 1 · Rina mendaftar | D11: Collection point persetujuan | E11: dataroom/03-tenant/consent/01-overview.png | F11: Crop [262,40,1002,560]; BLUR kolom Domain; Blur blok user sidebar [0,470,262,140] atau crop mulai x=262 | G11: Persetujuan + bukti | H11: Rina mendaftar di aplikasimu dan klik setuju. Di Nexus, persetujuan itu tersimpan beserta buktinya. | I11: klik + ding | J11: 180 · 60
A12: 8 | B12: 0:40–0:45 | C12: Bab 1 | D12: Integrasi consent | E12: motion/assets/app/consent-detail.png | F12: Siap pakai; sorot API & Webhook | G12: Penarikan menyebar ke semua sistem | H12: Kalau Rina berubah pikiran, penarikannya sampai ke semua sistem. | I12: sweep | J12: 180
A13: 9 | B13: 0:45–0:50 | C13: Bab 1 | D13: Layar terbagi: Children Pro | Inclusive Privacy | E13: motion/assets/app/children-pro.png + motion/assets/app/inclusive-privacy.png | F13: Siap pakai | G13: Wali untuk anak · aksesibel untuk semua | H13: Untuk pengguna anak, persetujuan wali. Untuk penyandang disabilitas, persetujuan yang aksesibel. | I13: pop ×2 | J13: 180
A14: 10 | B14: 0:50–0:57 | C14: Bab 2 · Datanya dicatat | D14: Daftar data spesifik | E14: motion/assets/app/ropa-data-spesifik.png | F14: Siap pakai; sorot data spesifik | G14: RoPA · data spesifik → TINGGI | H14: Setiap pemrosesan data Rina dicatat di RoPA. Ada data spesifik? Risikonya otomatis ditandai tinggi. | I14: alarm ringan | J14: 180 · 60
A15: 11 | B15: 0:57–1:04 | C15: Bab 2 | D15: Unggah dokumen lama | E15: dataroom/03-tenant/document-import/01-overview.png | F15: Crop [262,40,1002,420]; Blur blok user sidebar [0,470,262,140] atau crop mulai x=262 | G15: Dokumen lama? Impor dengan AI | H15: Catatan lama di Word atau Excel? Diimpor dengan AI, tidak perlu diketik ulang. | I15: key → stop | J15: 180
A16: 12 | B16: 1:04–1:11 | C16: Bab 3 · Datanya dinilai | D16: Wizard risiko DPIA | E16: motion/assets/app/dpia-risiko.png | F16: Siap pakai | G16: DPIA · matriks 5×5 | H16: Pemrosesan berisiko tinggi dinilai lewat DPIA, dengan matriks lima kali lima. | I16: pop | J16: 180 · 60
... A33: 29 | B33: 2:53–3:00 | C33: CTA | D33: Logo + tombol + kontak | E33: — | F33: — | G33: Data Rina aman. Data pelangganmu? · Start Pre Check (gratis) | H33: Data Rina aman. Data pelangganmu? Mulai dari Start Pre Check gratis di privasimu dot com. | I33: sonic logo | J33: 180 · 60 · 30

Sheet Daftar Video Modul
A1: Daftar video modul (22 video)
A2: Ringkasan setiap video modul. Klik kode untuk melompat ke flow-nya. Status screenshot: Siap / Perlu blur / PERLU SCREENSHOT BARU.
A4: Kode | B4: Modul | C4: Judul | D4: Durasi | E4: Jenis hook | F4: Hook (kalimat pembuka) | G4: Target | H4: Nada | I4: Pesan utama | J4: CTA | K4: Dasar fakta / klaim | L4: Status screenshot | M4: Adegan
A5: M01 | B5: Dasbor Kepatuhan & Postur Privasi | C5: Laporan terbaik bukan yang paling tebal | D5: 50 dtk | E5: Logika dipatahkan | F5: Laporan kepatuhan terbaik bukan yang paling tebal… tapi yang bisa dipahami direksi dalam 10 detik. | G5: Direksi, DPO, compliance lead | H5: Serius, ringkas | I5: Satu layar untuk kepatuhan lintas modul | J5: Start Pre Check (gratis) · privasimu.com · support@privasimu.com · 0851 8318 2722 | K5: fakta_produk: dukungan PPDP (dasbor lintas modul); halaman Postur (3 lapisan: data 50%, proses 30%, respons 20%) | L5: Siap | M5: 7
A6: M02 | B6: GAP Assessment | C6: Jangan cek skor kepatuhanmu… | D6: 55 dtk | E6: Reverse psychology | F6: Jangan cek skor kepatuhan perusahaanmu… kalau belum siap kaget. | G6: DPO, legal, direksi | H6: Serius dengan sentilan | I6: Ukur kepatuhan UU PDP dengan skor & rencana perbaikan | J6: Start Pre Check (gratis) · privasimu.com · support@privasimu.com · 0851 8318 2722 | K6: fakta_produk: gap-assessment (kuesioner, skor, remediasi, analisis bukti AI 1 kredit & dicache); panduan aplikasi: 34 indikator | L6: Siap (blur user) | M6: 8
A7: M03 | B7: Maturity Assessment | C7: Patuh itu bukan ya/tidak | D7: 50 dtk | E7: Logika dipatahkan | F7: "Sudah patuh atau belum?" itu pertanyaan yang salah. | G7: DPO, compliance lead | H7: Serius | I7: Kepatuhan punya level; naikkan levelnya | J7: Konsultasi dengan Privasimu · privasimu.com · support@privasimu.com · 0851 8318 2722 | K7: fakta_produk: maturity (level per domain, analisis bukti AI, rekomendasi); subjudul aplikasi: 4 level Ad-hoc/Defined/Managed/Optimized | L7: Siap (blur user) | M7: 6
A8: M04 | B8: RoPA | C8: RoPA_final_revisi3_FIX.xlsx harus pensiun | D8: 60 dtk | E8: Relate | F8: Angkat tangan kalau kamu punya file bernama "RoPA_final_revisi3_FIX.xlsx". | G8: DPO, legal, pemilik proses | H8: Relatable → serius | I8: Satu register terpusat, alur jelas, jejak audit | J8: Start Pre Check (gratis) · privasimu.com · support@privasimu.com · 0851 8318 2722 | K8: fakta_produk: ropa (wizard, kode ROPA, data spesifik → TINGGI → draf DPIA, Maker/Reviewer/Approver, tautan pihak ketiga, isi otomatis AI) | L8: Siap (1 aset perlu crop) | M8: 9
A9: M05 | B9: DPIA & Risk Treatment Plan | C9: Nilai dulu, baru meluncur | D9: 60 dtk | E9: Anomali | F9: Proyek paling berisiko di kantormu… biasanya proyek yang paling ditunggu-tunggu. | G9: DPO, product owner, IT | H9: Serius | I9: DPIA tertaut RoPA, satu matriks risiko, mitigasi terpantau | J9: Schedule Demo · privasimu.com · support@privasimu.com · 0851 8318 2722 | K9: fakta_produk: dpia (matriks 5×5, register risiko, tertaut RoPA, AI, Risk Treatment Plan); subjudul RTP di aplikasi | L9: Siap (RTP perlu blur owner) | M9: 8
A10: M06 | B10: LIA (Legitimate Interest Assessment) | C10: "Kepentingan yang sah" bukan cek kosong | D10: 45 dtk | E10: Logika dipatahkan | F10: "Kan kita punya kepentingan yang sah." Kalimat ini bukan tiket bebas. | G10: Marketing, product, legal | H10: Serius | I10: Kepentingan sah harus ditimbang & didokumentasikan | J10: Schedule Demo · privasimu.com · support@privasimu.com · 0851 8318 2722 | K10: UU PDP Ps. 20 ayat (2) huruf f; modul LIA (katalog modul); status Draft/Submitted/Checked/Approved (aplikasi) | L10: PERLU SCREENSHOT BARU | M10: 5
A11: M07 | B11: DSR (Permohonan Hak Subjek Data) | C11: 72 jam itu cepat. Apalagi kalau dihitung manual. | D11: 60 dtk | E11: Relate | F11: Email yang paling ditakuti customer service: "Tolong hapus semua data saya." | G11: CS, DPO, IT | H11: Relatable → serius | I11: Permohonan tercatat, tenggat otomatis, eksekusi & sertifikat | J11: Schedule Demo · privasimu.com · support@privasimu.com · 0851 8318 2722 | K11: fakta_produk: dsr (formulir sematan, tenggat 72 jam, verifikasi, Handler/Reviewer/Approver, draf AI, API/webhook); layar SQL Pack & sertifikat di aplikasi | L11: Siap (hindari daftar aplikasi ber-merek) | M11: 9
A12: M08 | B12: Consent & Cookie | C12: Klik "Setuju" tanpa bukti = tidak pernah setuju | D12: 60 dtk | E12: Logika dipatahkan | F12: Pelanggan sudah klik "Setuju". Pertanyaannya: bisa kamu buktikan? | G12: Marketing, product, DPO | H12: Serius | I12: Persetujuan tercatat beserta bukti, penarikan menyebar ke semua sistem | J12: Schedule Demo · privasimu.com · support@privasimu.com · 0851 8318 2722 | K12: fakta_produk: consent (titik per kanal, banner & pusat preferensi, log + bukti, penarikan via API/webhook) | L12: Siap (blur domain/URL; cookie hanya KPI) | M12: 8
A13: M09 | B13: Children Pro (persetujuan wali) | C13: Pengguna termuda juga butuh izin (walinya) | D13: 45 dtk | E13: Anomali | F13: Pengguna paling setia aplikasimu… mungkin masih kelas 5 SD. | G13: Edtech, game, sekolah, kesehatan anak | H13: Serius, hangat | I13: Persetujuan wali, verifikasi, peralihan saat 18 tahun | J13: Schedule Demo · privasimu.com · support@privasimu.com · 0851 8318 2722 | K13: UU PDP Ps. 4 (2) e (data anak = spesifik); PP 33/2026 Ps. 38 (termasuk peralihan saat 18 tahun); fakta_produk: consent (Children Pro) | L13: Header siap; data perlu screenshot baru | M13: 6
A14: M10 | B14: Inclusive Privacy | C14: Persetujuan yang bisa dipahami semua orang | D14: 45 dtk | E14: Reverse psychology | F14: Coba setujui syarat & ketentuan ini… dengan mata tertutup. | G14: Layanan publik, bank, kesehatan, telko | H14: Serius, empatik | I14: Persetujuan aksesibel bagi penyandang disabilitas | J14: Schedule Demo · privasimu.com · support@privasimu.com · 0851 8318 2722 | K14: fakta_produk: consent (Inclusive Privacy); PP 33/2026 Ps. 39 (katalog modul, VERIFIKASI bunyi pasal) | L14: Header siap; data perlu screenshot baru | M14: 5
A15: M11 | B15: Manajemen Insiden (Data Breach) | C15: Jam 3 pagi, notifikasi masuk | D15: 60 dtk | E15: Relate | F15: Jam 3 pagi. Notifikasi ini masuk: "Dugaan kebocoran data." | G15: DPO, CISO, IT security | H15: Tegang → tenang | I15: Alur 5 fase siap sejak insiden dicatat, templat & hitung mundur 3×24 jam | J15: Schedule Demo · privasimu.com · support@privasimu.com · 0851 8318 2722 | K15: UU PDP Ps. 46 jo. PP 33/2026 Ps. 114; fakta_produk: breach (checklist & linimasa otomatis, hitung mundur 3×24 jam, RACI, templat, AI) | L15: Siap | M15: 8
A16: M12 | B16: Simulasi & Fire Drill | C16: Latihan kebakaran ada. Latihan kebocoran data? | D16: 45 dtk | E16: Logika dipatahkan | F16: Kantor rutin latihan kebakaran. Latihan kebocoran data? …hening. | G16: CISO, DPO, HR | H16: Serius dengan sentilan | I16: Latih tim lewat skenario & rubrik sebelum insiden sungguhan | J16: Konsultasi dengan Privasimu · privasimu.com · support@privasimu.com · 0851 8318 2722 | K16: fakta_produk: simulasi (kuis, tabletop, walkthrough, skenario AI, rubrik & tindak lanjut) | L16: Siap (crop kartu skor, blur user) | M16: 6
... A26: M22 | B26: DPO Academy (LMS) | C26: Jangan ambil kelas ini kalau… | D26: 45 dtk | E26: Reverse psychology | F26: Jangan ambil kelas ini… kalau kamu sudah hafal 76 pasal UU PDP. | G26: DPO/PPDP baru, tim legal & kepatuhan | H26: Ringan | I26: Jalur belajar DPO + pendampingan konsultan | J26: Konsultasi dengan Privasimu · privasimu.com · support@privasimu.com · 0851 8318 2722 | K26: Tampilan DPO Academy: 4 kursus (Kepatuhan UU PDP Fundamentals, Manajemen Risiko, Audit Kepatuhan, Tata Kelola), lencana, sertifikat; UU PDP 76 pasal | L26: Siap (blur nama pengguna) | M26: 6

Sheet Flow per Modul
A1: Flow per modul: 1 modul = 1 video
A2: Setiap blok = satu video. Kolom Screenshot berisi path relatif dari D:\AI\privasimu; kolom Crop/sorot/blur berisi koordinat [x, y, lebar, tinggi] pada gambar sumber. "BELUM ADA" = perlu ambil screenshot baru (lihat sheet Screenshot per Modul).
A4: Kode | B4: Adegan | C4: Waktu | D4: Tahap | E4: Visual | F4: Screenshot (path) | G4: Crop / sorot / blur | H4: Teks layar | I4: VO | J4: SFX
A5: M01 · Dasbor Kepatuhan & Postur Privasi · "Laporan terbaik bukan yang paling tebal" · 50 dtk · Hook (Logika dipatahkan): Laporan kepatuhan terbaik bukan yang paling tebal… tapi yang bisa dipahami direksi dalam 10 detik.
A6: M01 | B6: 1 | C6: 00:00–00:04 | D6: Hook | E6: Tumpukan laporan setebal bantal jatuh ke meja rapat, lalu dicoret merah | F6: — | G6: — | H6: Laporan kepatuhan terbaik bukan yang paling tebal. | I6: Laporan kepatuhan terbaik… bukan yang paling tebal. | J6: impact + record scratch
A7: M01 | B7: 2 | C7: 00:04–00:09 | D7: Twist | E7: Jam 10 detik berjalan, direksi melirik jam | F7: — | G7: — | H7: …tapi yang bisa dipahami dalam 10 detik. | I7: Tapi yang bisa dipahami direksi dalam sepuluh detik. | J7: tick
A8: M01 | B8: 3 | C8: 00:09–00:19 | D8: Solusi | E8: Dasbor Nexus masuk dengan zoom halus | F8: motion/assets/app/dashboard.png | G8: Siap pakai. Sorot kartu skor GAP, DSR pending, insiden aktif | H8: Satu layar. Semua modul. | I8: Dasbor Privasimu Nexus merangkum kepatuhan lintas modul dalam satu layar. | J8: whoosh
A9: M01 | B9: 4 | C9: 00:19–00:27 | D9: Bukti | E9: Grafik tren & Compliance Score | F9: motion/assets/app/dashboard-postur.png | G9: Siap pakai. Sorot lingkaran Compliance Score + garis tren | H9: Tren per modul, bukan tebakan | I9: Tren tiap modul dan skor kepatuhan terlihat dari data kerja harian, bukan tebakan. | J9: pop
A10: M01 | B10: 5 | C10: 00:27–00:35 | D10: Bukti | E10: Heatmap risiko | F10: motion/assets/app/dashboard-risiko.png | G10: Siap pakai. Sorot heatmap DPIA 5×5 + Top Risks | H10: Risiko teratas langsung kelihatan | I10: Risiko tertinggi langsung kelihatan: heatmap DPIA dan daftar risiko teratas. | J10: pop
A11: M01 | B11: 6 | C11: 00:35–00:43 | D11: Bukti | E11: Privacy Posture Score | F11: frontend/tmp/audit4/security.png | G11: Crop [200,40,1240,820]. Blur nama org [300,22,200,26]; buang sidebar (x<200). Sorot skor 56 + tiga lapisan | H11: Postur privasi: data · proses · respons | I11: Postur privasi dihitung dari tiga lapisan: data, proses, dan respons. | J11: ding
A12: M01 | B12: 7 | C12: 00:43–00:50 | D12: CTA | E12: Logo Privasimu Nexus + tombol | F12: — | G12: — | H12: Rapat berikutnya: cukup satu layar. | I12: Privasimu Nexus. Kepatuhan yang bisa dibaca sekilas. Coba di privasimu dot com. | J12: sonic logo
A14: M02 · GAP Assessment · "Jangan cek skor kepatuhanmu…" · 55 dtk · Hook (Reverse psychology): Jangan cek skor kepatuhan perusahaanmu… kalau belum siap kaget.
A15: M02 | B15: 1 | C15: 00:00–00:04 | D15: Hook | E15: Kursor mau klik "Mulai Assessment", lalu tangan menahan | F15: — | G15: — | H15: Jangan cek skor kepatuhanmu… | I15: Jangan cek skor kepatuhan perusahaanmu… | J15: hening
A16: M02 | B16: 2 | C16: 00:04–00:08 | D16: Hook | E16: Emoji 😬 membesar | F16: — | G16: — | H16: …kalau belum siap kaget. | I16: …kalau belum siap kaget. | J16: vine boom
A17: M02 | B17: 3 | C17: 00:08–00:15 | D17: Masalah | E17: Tanda "≠" di antara "merasa patuh" dan "patuh" | F17: — | G17: — | H17: Merasa patuh ≠ patuh | I17: Banyak organisasi merasa sudah patuh. Tapi perasaan bukan bukti. | J17: buzzer
A18: M02 | B18: 4 | C18: 00:15–00:25 | D18: Solusi | E18: Daftar asesmen & grafik skor | F18: dataroom/03-tenant/gap-assessment/01-overview.png | G18: Crop [262,40,1002,640]. Blur blok user sidebar [0,470,262,140] atau crop mulai x=262. Sorot 81% skor tertinggi & 73% rata-rata | H18: Ukur, jangan menebak | I18: GAP Assessment mengukur kepatuhan UU PDP dengan indikator yang jelas, lengkap dengan skor dan riwayatnya. | J18: whoosh
A19: M02 | B19: 5 | C19: 00:25–00:35 | D19: Bukti | E19: Hasil per area | F19: motion/assets/app/gap-hasil.png | G19: Siap pakai. Sorot compliance score + statistik per area | H19: Kelihatan mana yang belum | I19: Hasilnya dirinci per area, jadi kelihatan mana yang sudah dan mana yang belum. | J19: pop
A20: M02 | B20: 6 | C20: 00:35–00:45 | D20: Bukti | E20: Rekomendasi per pasal | F20: motion/assets/app/gap-rekomendasi.png | G20: Siap pakai. Sorot label CRITICAL/HIGH + tombol AI Remediation Plan | H20: Rekomendasi per pasal | I20: Tiap temuan punya rekomendasi per pasal, dan rencana remediasi bisa disusun dengan bantuan AI. | J20: ding
A21: M02 | B21: 7 | C21: 00:45–00:50 | D21: Bukti | E21: Ikon dokumen masuk ke AI | F21: — | G21: — | H21: Dokumen bukti dianalisis AI | I21: Dokumen bukti pun bisa dianalisis AI per pertanyaan. | J21: shimmer
A22: M02 | B22: 8 | C22: 00:50–00:55 | D22: CTA | E22: Logo + tombol Start Pre Check | F22: — | G22: — | H22: Siap kaget? Mulai gratis. | I22: Berani cek? Mulai dari Start Pre Check gratis di privasimu dot com. | J22: sonic logo
A24: M03 · Maturity Assessment · "Patuh itu bukan ya/tidak" · 50 dtk · Hook (Logika dipatahkan): "Sudah patuh atau belum?" itu pertanyaan yang salah.
A25: M03 | B25: 1 | C25: 00:00–00:04 | D25: Hook | E25: Teks pertanyaan dicoret | F25: — | G25: — | H25: "Sudah patuh atau belum?" ❌ | I25: Sudah patuh atau belum? Itu pertanyaan yang salah. | J25: buzzer
A26: M03 | B26: 2 | C26: 00:04–00:10 | D26: Konsep | E26: Tangga 4 anak tangga: Ad-hoc → Defined → Managed → Optimized | F26: — | G26: — | H26: Kepatuhan itu bertingkat | I26: Kepatuhan itu bertingkat, dari ad-hoc sampai teroptimasi. | J26: pop ×4
A27: M03 | B27: 3 | C27: 00:10–00:22 | D27: Solusi | E27: Gauge level kematangan | F27: dataroom/03-tenant/maturity/02-recheck.png | G27: Crop [262,40,1002,700]. Blur blok user sidebar [0,470,262,140] atau crop mulai x=262. Sorot gauge "Level 3 – Managed" | H27: Level kematanganmu, per domain | I27: Maturity Assessment memetakan level kematangan program PDP-mu per domain. | J27: whoosh
A28: M03 | B28: 4 | C28: 00:22–00:32 | D28: Bukti | E28: Skor domain & tren 12 bulan | F28: dataroom/03-tenant/maturity/02-recheck.png | G28: Sorot skor domain (9.0 / 8.5 / 7.0) + grafik tren | H28: Mana kuat, mana perlu naik kelas | I28: Kelihatan domain mana yang kuat, mana yang perlu naik kelas, dan trennya dari waktu ke waktu. | J28: ding
A29: M03 | B29: 5 | C29: 00:32–00:40 | D29: Bukti | E29: Ikon bukti dokumen → rekomendasi | F29: — | G29: — | H29: Bukti dianalisis AI · rekomendasi | I29: Bukti dokumen dianalisis AI, lalu keluar rekomendasi peningkatan. | J29: shimmer
A30: M03 | B30: 6 | C30: 00:40–00:50 | D30: CTA | E30: Logo + konsultan | F30: — | G30: — | H30: Naik level bersama konsultan | I30: Mau naik level? Susun roadmap-nya bersama konsultan Privasimu. | J30: sonic logo
A32: M04 · RoPA · "RoPA_final_revisi3_FIX.xlsx harus pensiun" · 60 dtk · Hook (Relate): Angkat tangan kalau kamu punya file bernama "RoPA_final_revisi3_FIX.xlsx".
A33: M04 | B33: 1 | C33: 00:00–00:04 | D33: Hook | E33: Ikon file spreadsheet dengan nama versi kacau | F33: — | G33: — | H33: Siapa yang punya file ini? 🙋 | I33: Angkat tangan kalau kamu punya file bernama RoPA final revisi tiga FIX. | J33: pop
A34: M04 | B34: 2 | C34: 00:04–00:10 | D34: Masalah | E34: 12 file dari 12 divisi beterbangan | F34: — | G34: — | H34: Tersebar · tanpa jejak · beda versi | I34: Catatan pemrosesan tersebar di spreadsheet per divisi, tanpa jejak siapa mengubah apa. | J34: paper
A35: M04 | B35: 3 | C35: 00:10–00:20 | D35: Solusi | E35: Modal Buat RoPA Baru | F35: motion/assets/app/ropa-baru.png | G35: Siap pakai. Sorot modal wizard | H35: Wizard bertahap | I35: Di Nexus, RoPA dicatat lewat wizard bertahap: tujuan, dasar pemrosesan, kategori data, sampai retensi. | J35: whoosh
A36: M04 | B36: 4 | C36: 00:20–00:28 | D36: Bukti | E36: Daftar data pribadi spesifik | F36: motion/assets/app/ropa-data-spesifik.png | G36: Siap pakai. Sorot daftar Data Pribadi Spesifik | H36: Data spesifik → risiko TINGGI | I36: Begitu ada data spesifik, risikonya otomatis ditandai tinggi… | J36: alarm ringan
A37: M04 | B37: 5 | C37: 00:28–00:34 | D37: Bukti | E37: Daftar DPIA | F37: motion/assets/app/dpia-list.png | G37: Siap pakai. Sorot baris DPIA terbaru | H37: …dan draf DPIA langsung dibuat | I37: …dan draf DPIA langsung dibuat. | J37: ding
A38: M04 | B38: 6 | C38: 00:34–00:42 | D38: Bukti | E38: Mode tinjauan menunggu persetujuan | F38: dataroom/03-tenant/ropa/03-review-mode-waiting.png | G38: Crop HANYA [262,40,1002,420] (bagian "Detail Pemrosesan"). JANGAN tampilkan bagian "DPO / Team" (ada email). Blur blok user sidebar [0,470,262,140] atau crop mulai x=262 | H38: Maker → Reviewer → Approver | I38: Alurnya jelas: maker, reviewer, approver. Setiap perubahan tercatat di log audit. | J38: check
A39: M04 | B39: 7 | C39: 00:42–00:50 | D39: Bukti | E39: Notifikasi RoPA tersimpan | F39: motion/assets/app/ropa-tersimpan.png | G39: Siap pakai. Sorot notifikasi + kode ROPA | H39: Satu register, kode konsisten | I39: Hasilnya satu register terpusat dengan kode ROPA yang konsisten. | J39: correct
A40: M04 | B40: 8 | C40: 00:50–00:55 | D40: Bukti | E40: Form minta pihak ketiga mengisi RoPA | F40: frontend/tmp/audit4/vendor-risk__ropa-pihak-ketiga.png | G40: Crop [200,40,1240,300]. Blur nama org [300,22,200,26]; buang sidebar (x<200) | H40: Pihak ketiga isi lewat tautan | I40: Pihak ketiga pun bisa mengisi RoPA-nya lewat tautan khusus. | J40: pop
A41: M04 | B41: 9 | C41: 00:55–01:00 | D41: CTA | E41: Ikon file lama dimasukkan ke "arsip", logo | F41: — | G41: — | H41: Pensiunkan revisi ketiga. | I41: Saatnya pensiunkan revisi ketiga. Privasimu Nexus. | J41: sonic logo
A43: M05 · DPIA & Risk Treatment Plan · "Nilai dulu, baru meluncur" · 60 dtk · Hook (Anomali): Proyek paling berisiko di kantormu… biasanya proyek yang paling ditunggu-tunggu.
A44: M05 | B44: 1 | C44: 00:00–00:04 | D44: Hook | E44: Roket "Aplikasi Baru" siap meluncur, lalu lampu alarm | F44: — | G44: — | H44: Proyek paling berisiko = yang paling ditunggu? | I44: Proyek paling berisiko di kantormu… biasanya yang paling ditunggu-tunggu. | J44: riser + alarm
A45: M05 | B45: 2 | C45: 00:04–00:10 | D45: Masalah | E45: Dua penilai memberi skor berbeda untuk risiko yang sama | F45: — | G45: — | H45: Dokumen terpisah · skor beda-beda | I45: Penilaian dampak sering dikerjakan terpisah, dan skornya beda-beda tiap penilai. | J45: buzzer
A46: M05 | B46: 3 | C46: 00:10–00:20 | D46: Solusi | E46: Daftar DPIA | F46: motion/assets/app/dpia-list-baru.png | G46: Siap pakai. Sorot kolom referensi RoPA | H46: Tertaut ke RoPA-nya | I46: Di Nexus, setiap DPIA tertaut ke RoPA sumbernya. | J46: whoosh
A47: M05 | B47: 4 | C47: 00:20–00:30 | D47: Bukti | E47: Wizard potensi risiko | F47: motion/assets/app/dpia-risiko.png | G47: Siap pakai. Sorot kategori risiko | H47: Satu matriks 5×5 | I47: Risiko dinilai dengan satu matriks kemungkinan kali dampak, skala lima kali lima. | J47: pop
A48: M05 | B48: 5 | C48: 00:30–00:38 | D48: Bukti | E48: Heatmap risiko | F48: motion/assets/app/dashboard-risiko.png | G48: Siap pakai. Sorot heatmap | H48: Semua risiko di satu peta | I48: Semua risiko terkumpul di satu heatmap. | J48: ding
A49: M05 | B49: 6 | C49: 00:38–00:48 | D49: Bukti | E49: Risk Treatment Plan | F49: dataroom/03-tenant/risk-treatment-plan/01-overview.png | G49: Crop [262,40,1002,700]. BLUR kolom Owner & filter "Semua Owner" (nama orang). Blur blok user sidebar [0,470,262,140] atau crop mulai x=262. Sorot baris "Penggunaan Dasar Pemrosesan yang Tidak Tepat" | H49: Mitigasi dipantau sampai tuntas | I49: Mitigasinya dipantau di Risk Treatment Plan, dari rencana sampai terverifikasi. | J49: check
A50: M05 | B50: 7 | C50: 00:48–00:54 | D50: Bukti | E50: Tombol "Lanjutkan dengan AI" | F50: dataroom/03-tenant/dpia/07-wizard-step4-audit.png | G50: Crop [262,40,1002,560]. Blur blok user sidebar [0,470,262,140] atau crop mulai x=262 | H50: Dibantu AI | I50: Pengisiannya bisa dibantu AI dari deskripsi kegiatan. | J50: shimmer
A51: M05 | B51: 8 | C51: 00:54–01:00 | D51: CTA | E51: Roket meluncur mulus | F51: — | G51: — | H51: Nilai dulu, baru meluncur. | I51: Nilai dulu, baru meluncur. Privasimu Nexus. | J51: sonic logo
A53: M06 · LIA (Legitimate Interest Assessment) · ""Kepentingan yang sah" bukan cek kosong" · 45 dtk · Hook (Logika dipatahkan): "Kan kita punya kepentingan yang sah." Kalimat ini bukan tiket bebas.
A54: M06 | B54: 1 | C54: 00:00–00:04 | D54: Hook | E54: Balon chat "kan ada kepentingan yang sah" → stempel "BELUM TENTU" | F54: — | G54: — | H54: "Kan ada kepentingan yang sah." BELUM TENTU. | I54: Kita kan punya kepentingan yang sah. Belum tentu. | J54: stamp
A55: M06 | B55: 2 | C55: 00:04–00:14 | D55: Fakta | E55: Kutipan pasal | F55: — | G55: — | H55: UU PDP Ps. 20 (2) f: memperhatikan tujuan, kebutuhan, dan keseimbangan kepentingan | I55: Undang-undang meminta tujuan, kebutuhan, dan keseimbangan kepentingan ditimbang, bukan diasumsikan. | J55: paper
A56: M06 | B56: 3 | C56: 00:14–00:26 | D56: Solusi | E56: Judul modul LIA | F56: frontend/tmp/audit4/lia.png | G56: Crop HANYA header [200,40,1240,160] (daftar masih kosong). Blur nama org [300,22,200,26]; buang sidebar (x<200). Versi final: AMBIL SCREENSHOT BARU /lia berisi 2–3 LIA contoh | H56: LIA di Nexus | I56: Modul LIA memandu penilaian kepentingan yang sah, dengan alur draft, ditinjau, sampai disetujui. | J56: whoosh
A57: M06 | B57: 4 | C57: 00:26–00:36 | D57: Bukti | E57: Detail penilaian (pertanyaan tujuan/kebutuhan/keseimbangan) | F57: BELUM ADA: ambil screenshot detail LIA dengan data dummy | G57: — | H57: Terdokumentasi, siap ditunjukkan | I57: Setiap pertimbangan terdokumentasi, siap ditunjukkan saat diminta. | J57: check
A58: M06 | B58: 5 | C58: 00:36–00:45 | D58: CTA | E58: Logo | F58: — | G58: — | H58: Kepentingan sah? Buktikan. | I58: Kepentingan sah? Buktikan dengan LIA. Privasimu Nexus. | J58: sonic logo
A60: M07 · DSR (Permohonan Hak Subjek Data) · "72 jam itu cepat. Apalagi kalau dihitung manual." · 60 dtk · Hook (Relate): Email yang paling ditakuti customer service: "Tolong hapus semua data saya."
A61: M07 | B61: 1 | C61: 00:00–00:04 | D61: Hook | E61: Email masuk, wajah CS 😰 | F61: — | G61: — | H61: 📩 "Tolong hapus semua data saya." | I61: Email yang paling ditakuti customer service: tolong hapus semua data saya. | J61: notif + vine boom
A62: M07 | B62: 2 | C62: 00:04–00:10 | D62: Masalah | E62: Permohonan dari email, telepon, DM; kalender dihitung jari | F62: — | G62: — | H62: Dari mana-mana · tenggat manual | I62: Permohonan masuk dari mana-mana, tenggatnya dihitung manual. | J62: tick
A63: M07 | B63: 3 | C63: 00:10–00:18 | D63: Solusi | E63: Formulir DSR | F63: motion/assets/app/dsr-form.png | G63: Siap pakai (kanban sudah diburamkan). Sorot isian pemohon & tipe permintaan | H63: Formulir di situsmu | I63: Di Nexus, permohonan masuk lewat formulir yang bisa disematkan di situsmu. | J63: whoosh
A64: M07 | B64: 4 | C64: 00:18–00:26 | D64: Bukti | E64: Header detail DSR | F64: motion/assets/app/dsr-detail.png | G64: Siap pakai. Sorot pil "7h tersisa" + kode DSR | H64: Tenggat 72 jam otomatis | I64: Tenggat tujuh puluh dua jam dihitung otomatis sejak permohonan dicatat. | J64: clock
A65: M07 | B65: 5 | C65: 00:26–00:34 | D65: Bukti | E65: Tab Scope: pilih sistem | F65: dataroom/03-tenant/dsr/06-tab-scope.png | G65: Crop [262,40,1002,560]. Blur blok user sidebar [0,470,262,140] atau crop mulai x=262. Sorot daftar sistem | H65: Pilih sistem yang menyimpan datanya | I65: Pilih sistem mana saja yang menyimpan data si pemohon… | J65: pop
A66: M07 | B66: 6 | C66: 00:34–00:42 | D66: Bukti | E66: Tab SQL Pack | F66: dataroom/03-tenant/dsr/07-tab-sqlpack.png | G66: Crop [262,40,1002,480]. Blur blok user sidebar [0,470,262,140] atau crop mulai x=262. Sorot tombol "Generate SQL Pack" | H66: Paket SQL siap dieksekusi | I66: …Nexus menyiapkan paket SQL-nya, tim kalian yang mengeksekusi di sistem sendiri. | J66: key
A67: M07 | B67: 7 | C67: 00:42–00:50 | D67: Bukti | E67: Tab Sertifikat | F67: dataroom/03-tenant/dsr/09-tab-certificates.png | G67: Crop [262,40,1002,420]. Blur blok user sidebar [0,470,262,140] atau crop mulai x=262. Sorot Subject Certificate & Internal Certificate | H67: Sertifikat penyelesaian otomatis | I67: Selesai? Sertifikat penyelesaian untuk pemohon dan untuk internal dibuat otomatis. | J67: correct
A68: M07 | B68: 8 | C68: 00:50–00:55 | D68: Bukti | E68: Ikon alur Handler → Reviewer → Approver + ikon AI | F68: — | G68: — | H68: Alur tercatat · draf jawaban dibantu AI | I68: Alurnya tercatat, draf jawabannya dibantu AI. | J68: check
A69: M07 | B69: 9 | C69: 00:55–01:00 | D69: CTA | E69: Logo | F69: — | G69: — | H69: Setiap permohonan, tepat waktu. | I69: Setiap permohonan, dijawab tepat waktu. Privasimu Nexus. | J69: sonic logo
A71: M08 · Consent & Cookie · "Klik "Setuju" tanpa bukti = tidak pernah setuju" · 60 dtk · Hook (Logika dipatahkan): Pelanggan sudah klik "Setuju". Pertanyaannya: bisa kamu buktikan?
A72: M08 | B72: 1 | C72: 00:00–00:04 | D72: Hook | E72: Kursor klik ✅ "Saya setuju", lalu tanda tanya besar | F72: — | G72: — | H72: Sudah klik "Setuju". Bisa dibuktikan? | I72: Pelanggan sudah klik setuju. Pertanyaannya: bisa kamu buktikan? | J72: klik + vine boom
A73: M08 | B73: 2 | C73: 00:04–00:10 | D73: Masalah | E73: Checkbox tanpa jejak; penarikan "nyangkut" di satu sistem | F73: — | G73: — | H73: Tanpa bukti · penarikan tak tersebar | I73: Kotak centang tanpa bukti, dan penarikan persetujuan yang tidak sampai ke semua sistem. | J73: buzzer
A74: M08 | B74: 3 | C74: 00:10–00:20 | D74: Solusi | E74: Daftar collection point | F74: dataroom/03-tenant/consent/01-overview.png | G74: Crop [262,40,1002,560]. BLUR kolom Domain. Blur blok user sidebar [0,470,262,140] atau crop mulai x=262 | H74: Setiap titik pengumpulan tercatat | I74: Di Nexus, setiap titik pengumpulan persetujuan tercatat: web, aplikasi, sampai loket. | J74: whoosh
A75: M08 | B75: 4 | C75: 00:20–00:28 | D75: Bukti | E75: Kode sematan & tab log | F75: dataroom/03-tenant/consent/03-embed-code.png | G75: Crop [262,40,1002,420]. BLUR URL collection point. Blur blok user sidebar [0,470,262,140] atau crop mulai x=262. Sorot tab Consent Logs & Widget Builder | H75: Tersimpan beserta bukti | I75: Pasang lewat kode sematan, dan setiap persetujuan tersimpan beserta buktinya. | J75: pop
A76: M08 | B76: 5 | C76: 00:28–00:36 | D76: Bukti | E76: Integrasi consent | F76: motion/assets/app/consent-detail.png | G76: Siap pakai (API key diburamkan). Sorot Preference Center, API, Webhook | H76: Penarikan menyebar lewat API & webhook | I76: Penarikan persetujuan disebarkan ke sistem lain lewat API dan webhook. | J76: sweep
A77: M08 | B77: 6 | C77: 00:36–00:44 | D77: Bukti | E77: Pratinjau banner cookie & form | F77: frontend/tmp/audit4/consent__preview.png | G77: Crop [200,40,1240,480]. Blur nama org [300,22,200,26]; buang sidebar (x<200). Sorot kartu Cookie Banner & Consent Form | H77: Banner cookie siap sematan | I77: Banner cookie dan pusat preferensi bisa langsung disematkan. | J77: pop
A78: M08 | B78: 7 | C78: 00:44–00:52 | D78: Bukti | E78: Ringkasan cookie | F78: dataroom/03-tenant/cookie/01-overview.png | G78: Crop HANYA kartu KPI [262,60,1002,160]. JANGAN tampilkan tabel (ada nama layanan & domain nyata) | H78: Terpantau dari satu tempat | I78: Semua terpantau dari satu tempat. | J78: ding
A79: M08 | B79: 8 | C79: 00:52–01:00 | D79: CTA | E79: Logo | F79: — | G79: — | H79: Setuju harus bisa dibuktikan. | I79: Setuju itu harus bisa dibuktikan. Privasimu Nexus. | J79: sonic logo
A81: M09 · Children Pro (persetujuan wali) · "Pengguna termuda juga butuh izin (walinya)" · 45 dtk · Hook (Anomali): Pengguna paling setia aplikasimu… mungkin masih kelas 5 SD.
A82: M09 | B82: 1 | C82: 00:00–00:04 | D82: Hook | E82: Avatar anak dengan lencana "Top User" | F82: — | G82: — | H82: Pengguna paling setia: umur 11? | I82: Pengguna paling setia aplikasimu… mungkin masih kelas lima SD. | J82: pop
A83: M09 | B83: 2 | C83: 00:04–00:12 | D83: Fakta | E83: Ikon perisai + teks pasal | F83: — | G83: — | H83: Data anak = data spesifik · butuh persetujuan wali | I83: Data anak termasuk data pribadi spesifik, dan pemrosesannya butuh persetujuan orang tua atau wali. | J83: paper
A84: M09 | B84: 3 | C84: 00:12–00:22 | D84: Solusi | E84: Modul Children Pro | F84: motion/assets/app/children-pro.png | G84: Siap pakai. Sorot tab Kewenangan Wali / Menunggu / Peralihan | H84: Children Pro | I84: Children Pro mengelola persetujuan wali per aplikasi… | J84: whoosh
A85: M09 | B85: 4 | C85: 00:22–00:32 | D85: Bukti | E85: Tab metode verifikasi & DSR anak | F85: frontend/tmp/audit4/consent-guardian.png | G85: Crop [200,40,1240,300] (tabel masih kosong). Blur nama org [300,22,200,26]; buang sidebar (x<200). Versi final: AMBIL SCREENSHOT BARU dengan wali & anak fiktif | H85: Verifikasi wali · DSR anak | I85: …lengkap dengan metode verifikasi wali dan permohonan hak untuk anak. | J85: check
A86: M09 | B86: 5 | C86: 00:32–00:38 | D86: Bukti | E86: Kue ulang tahun ke-18 → kunci berpindah | F86: — | G86: — | H86: Usia 18: kewenangan beralih | I86: Dan saat anak berusia delapan belas, kewenangannya beralih. | J86: shimmer
A87: M09 | B87: 6 | C87: 00:38–00:45 | D87: CTA | E87: Logo | F87: — | G87: — | H87: Pengguna termuda, dilindungi paling serius. | I87: Pengguna termuda, dilindungi paling serius. Privasimu Nexus. | J87: sonic logo
A89: M10 · Inclusive Privacy · "Persetujuan yang bisa dipahami semua orang" · 45 dtk · Hook (Reverse psychology): Coba setujui syarat & ketentuan ini… dengan mata tertutup.
A90: M10 | B90: 1 | C90: 00:00–00:04 | D90: Hook | E90: Layar menggelap, hanya suara | F90: — | G90: — | H90: Setujui ini… dengan mata tertutup. | I90: Coba setujui syarat dan ketentuan ini… dengan mata tertutup. | J90: efek VO "robot" (pembaca layar)
A91: M10 | B91: 2 | C91: 00:04–00:12 | D91: Empati | E91: Layar kembali terang pelan | F91: — | G91: — | H91: Bagi sebagian pengguna, ini sehari-hari | I91: Bagi sebagian penggunamu, itu kenyataan sehari-hari. | J91: musik lembut
A92: M10 | B92: 3 | C92: 00:12–00:24 | D92: Solusi | E92: Modul Inclusive Privacy | F92: motion/assets/app/inclusive-privacy.png | G92: Siap pakai. Sorot judul & tab | H92: Inclusive Privacy | I92: Inclusive Privacy menyiapkan persetujuan yang aksesibel bagi penyandang disabilitas… | J92: whoosh
A93: M10 | B93: 4 | C93: 00:24–00:34 | D93: Bukti | E93: Tab aksesibilitas & DSR disabilitas | F93: frontend/tmp/audit4/consent-accessibility.png | G93: Crop [200,40,1240,300] (tabel kosong). Blur nama org [300,22,200,26]; buang sidebar (x<200). Versi final: AMBIL SCREENSHOT BARU dengan contoh | H93: Pendamping · DSR ramah disabilitas | I93: …termasuk pengaturan pendamping dan permohonan hak yang ramah disabilitas. | J93: check
A94: M10 | B94: 5 | C94: 00:34–00:45 | D94: CTA | E94: Logo | F94: — | G94: — | H94: Persetujuan untuk semua orang. | I94: Persetujuan yang bisa dipahami semua orang. Privasimu Nexus. | J94: sonic logo
A96: M11 · Manajemen Insiden (Data Breach) · "Jam 3 pagi, notifikasi masuk" · 60 dtk · Hook (Relate): Jam 3 pagi. Notifikasi ini masuk: "Dugaan kebocoran data."
A97: M11 | B97: 1 | C97: 00:00–00:04 | D97: Hook | E97: HP bergetar di meja gelap, jam 03.00 | F97: — | G97: — | H97: 03.00 · ⚠️ Dugaan kebocoran data | I97: Jam tiga pagi. Notifikasi ini masuk. | J97: notif + alarm
A98: M11 | B98: 2 | C98: 00:04–00:10 | D98: Fakta | E98: Hitung mundur 72:00:00 | F98: — | G98: — | H98: Wajib lapor paling lambat 3×24 jam | I98: Pemberitahuan tertulis paling lambat tiga kali dua puluh empat jam. | J98: clock
A99: M11 | B99: 3 | C99: 00:10–00:18 | D99: Masalah | E99: Pertanyaan beruntun muncul | F99: — | G99: — | H99: Templat? PIC? Kronologi? | I99: Biasanya panik dulu: templatnya mana, siapa yang pegang, kronologinya bagaimana? | J99: heartbeat
A100: M11 | B100: 4 | C100: 00:18–00:28 | D100: Solusi | E100: Detail insiden & 5 fase | F100: motion/assets/app/breach-detail.png | G100: Siap pakai. Sorot label "Wajib Notifikasi" + stepper 5 fase | H100: Alur 5 fase langsung siap | I100: Di Nexus, begitu insiden dicatat, alurnya langsung siap: lima fase dari deteksi sampai ditutup. | J100: whoosh
A101: M11 | B101: 5 | C101: 00:28–00:36 | D101: Bukti | E101: Checklist fase 1 | F101: motion/assets/app/breach-fase.png | G101: Siap pakai. Sorot checklist tercentang | H101: Checklist & linimasa otomatis | I101: Daftar periksa penahanan dan linimasa dibuat otomatis. | J101: check
A102: M11 | B102: 6 | C102: 00:36–00:44 | D102: Bukti | E102: Tombol aksi insiden | F102: motion/assets/app/breach-aksi.png | G102: Siap pakai. Sorot Template Pemberitahuan, RACI Matrix, War Room | H102: Templat · RACI · War Room | I102: Templat pemberitahuan, pembagian peran RACI, sampai ruang koordinasi tim. | J102: pop
A103: M11 | B103: 7 | C103: 00:44–00:52 | D103: Bukti | E103: AI Incident Response Advisor | F103: motion/assets/app/breach-ai.png | G103: Siap pakai. Sorot tombol Generate | H103: Langkah penahanan dibantu AI | I103: Langkah penahanan pun bisa dibantu AI. | J103: shimmer
A104: M11 | B104: 8 | C104: 00:52–01:00 | D104: CTA | E104: Kamar gelap berubah terang, DPO kembali tidur 😴 | F104: — | G104: — | H104: Insiden tak menunggu jam kerja. | I104: Insiden tidak menunggu jam kerja. Siapkan alurnya dari sekarang. Privasimu Nexus. | J104: sonic logo
A106: M12 · Simulasi & Fire Drill · "Latihan kebakaran ada. Latihan kebocoran data?" · 45 dtk · Hook (Logika dipatahkan): Kantor rutin latihan kebakaran. Latihan kebocoran data? …hening.
A107: M12 | B107: 1 | C107: 00:00–00:04 | D107: Hook | E107: Alarm kebakaran + orang berbaris; lalu teks kedua & jangkrik | F107: — | G107: — | H107: Latihan kebakaran ✅ · latihan kebocoran data 🦗 | I107: Kantor rutin latihan kebakaran. Latihan kebocoran data? Hening. | J107: alarm + crickets
A108: M12 | B108: 2 | C108: 00:04–00:12 | D108: Masalah | E108: Tim kebingungan saat insiden | F108: — | G108: — | H108: Tak pernah latihan = belajar saat insiden | I108: Tim yang tidak pernah latihan, belajarnya saat insiden sungguhan. | J108: dundun
A109: M12 | B109: 3 | C109: 00:12–00:24 | D109: Solusi | E109: Banner Fire Drill + daftar skenario | F109: dataroom/03-tenant/simulation/02-recheck.png | G109: Crop [262,40,1002,640]. BUANG kartu "Rata-rata skor" (angka tidak valid). BLUR kolom User. Blur blok user sidebar [0,470,262,140] atau crop mulai x=262 | H109: Kuis · tabletop · walkthrough | I109: Fire Drill melatih tim lewat skenario: kuis, tabletop, dan walkthrough. | J109: whoosh
A110: M12 | B110: 4 | C110: 00:24–00:34 | D110: Bukti | E110: Kolom skor & rating | F110: dataroom/03-tenant/simulation/02-recheck.png | G110: Sorot kolom Skor & Rating ("Poor", "Needs improvement") | H110: Dinilai dengan rubrik | I110: Hasilnya dinilai dengan rubrik, jadi kelihatan bagian mana yang perlu dilatih lagi. | J110: pop
A111: M12 | B111: 5 | C111: 00:34–00:40 | D111: Bukti | E111: Ikon AI menyusun skenario | F111: — | G111: — | H111: Skenario kustom dibantu AI | I111: Skenario sesuai bisnismu bisa disusun dengan bantuan AI. | J111: shimmer
A112: M12 | B112: 6 | C112: 00:40–00:45 | D112: CTA | E112: Logo | F112: — | G112: — | H112: Latih sekarang, tenang nanti. | I112: Latih sekarang, tenang nanti. Privasimu Nexus. | J112: sonic logo
...

Sheet Video Pendek 5-10-15
A1: Video pendek 5 · 10 · 15 detik (meme & serius)
A2: 5 detik = bumper (hook + 1 bukti + logo). 10–15 detik = hook + 1–3 bukti + CTA. Kolom Sumber = video panjang yang bisa dipotong (N = video jadi, M = video modul, A = konsep meme).
A4: Kode | B4: Durasi | C4: Gaya | D4: Jenis hook | E4: Judul | F4: Hook (0–2 dtk) | G4: Isi per detik | H4: VO | I4: Screenshot (path) | J4: SFX | K4: CTA | L4: Platform | M4: Sumber
A5: P01 | B5: 5 dtk | C5: Serius | D5: Logika dipatahkan | E5: Patuh bukan perasaan | F5: "Patuh bukan perasaan." | G5: 0–2: teks hook · 2–4: skor GAP 81% · 4–5: logo + Start Pre Check | H5: Patuh bukan perasaan. Ukur. | I5: motion/assets/app/gap-hasil.png | J5: vine boom | K5: Start Pre Check | L5: Bumper YouTube / Stories | M5: M02
A6: P02 | B6: 5 dtk | C6: Meme | D6: Relate | E6: Revisi ketiga | F6: Ikon "RoPA_final_revisi3_FIX.xlsx" | G6: 0–2: file + "FAAAH" · 2–4: RoPA tersimpan di Nexus · 4–5: logo | H6: Pensiunkan revisi ketiga. | I6: motion/assets/app/ropa-tersimpan.png | J6: "FAAAH" (rekam tim) | K6: privasimu.com | L6: TikTok / Reels | M6: M04 · A01
A7: P03 | B7: 5 dtk | C7: Serius | D7: Anomali | E7: 03.00 | F7: "03.00 · dugaan kebocoran" | G7: 0–2: jam 03.00 · 2–4: stepper 5 fase · 4–5: logo | H7: Jam tiga pagi? Alurnya sudah siap. | I7: motion/assets/app/breach-detail.png | J7: alarm → ding | K7: Schedule Demo | L7: Bumper | M7: M11
A8: P04 | B8: 5 dtk | C8: Serius | D8: Anomali | E8: 16.01.2027 | F8: Kalender flip "16.01.2027" | G8: 0–3: kalender + "PP 33 berlaku" · 3–5: "Siap?" + logo | H8: Enam belas Januari. PP tiga puluh tiga berlaku. Siap? | I8: — | J8: flip clock | K8: Program siap PP 33 | L8: Bumper / Stories | M8: N01
A9: P05 | B9: 5 dtk | C9: Meme | D9: Relate | E9: −999 aura | F9: "−999 aura: kirim KTP lewat grup" | G9: 0–3: −999 aura · 3–5: +1000 aura: Nexus | H9: — (teks saja) | I9: — | J9: auraDown → auraUp | K9: privasimu.com | L9: TikTok / Reels | M9: A43
A10: P06 | B10: 5 dtk | C10: Serius | D10: Relate | E10: 72 jam | F10: "72 jam." | G10: 0–2: angka 72 · 2–4: pil "7h tersisa" · 4–5: logo | H10: Tujuh puluh dua jam. Dihitung otomatis. | I10: motion/assets/app/dsr-detail.png | J10: clock | K10: Schedule Demo | L10: Bumper | M10: M07
A11: P07 | B11: 5 dtk | C11: Serius | D11: Logika dipatahkan | E11: Setuju tanpa bukti | F11: "Klik setuju tanpa bukti = tidak ada." | G11: 0–2: checkbox · 2–4: integrasi consent · 4–5: logo | H11: Setuju harus bisa dibuktikan. | I11: motion/assets/app/consent-detail.png | J11: klik + buzzer | K11: Schedule Demo | L11: Bumper | M11: M08
A12: P08 | B12: 5 dtk | C12: Meme | D12: Anomali | E12: Pengguna umur 11 | F12: "Pengguna paling setia: umur 11." | G12: 0–2: avatar anak · 2–4: Children Pro · 4–5: logo | H12: Butuh izin walinya. | I12: motion/assets/app/children-pro.png | J12: pop | K12: Schedule Demo | L12: TikTok / Reels | M12: M09
A13: P09 | B13: 5 dtk | C13: Serius | D13: Logika dipatahkan | E13: Diteken ≠ aman | F13: "Kontrak diteken ≠ data aman." | G13: 0–2: tanda tangan · 2–4: ringkasan telaah kontrak · 4–5: logo | H13: Baca kontrakmu dengan kacamata PDP. | I13: frontend/tmp/audit4/contract-review.png | J13: stamp | K13: Konsultasi | L13: Bumper LinkedIn | M13: M17
A14: P10 | B14: 5 dtk | C14: Meme | D14: Logika dipatahkan | E14: Di cloud 🦗 | F14: "Cloud-nya di negara mana?" | G14: 0–2: chat + jangkrik · 2–4: register transfer · 4–5: logo | H14: Di cloud bukan jawaban. | I14: dataroom/03-tenant/cross-border/01-overview.png | J14: crickets | K14: Schedule Demo | L14: TikTok / Reels | M14: M14
A15: P11 | B15: 10 dtk | C15: Meme | D15: Relate | E15: Astaga, bercanda | F15: Chat Pak Bos | G15: Potongan N11 detik 14–24 | H15: (dari N11) | I15: out/n11-meme-dpo | J15: vine boom | K15: privasimu.com | L15: TikTok / Reels | M15: N11 s3–s4
... A36: P32 | B36: 15 dtk | C36: Serius | D36: Logika dipatahkan | E36: Laporan paling tebal | F36: "Laporan kepatuhan terbaik bukan yang paling tebal." | G36: 0–3: hook · 3–12: dasbor + postur · 12–15: logo | H36: Laporan kepatuhan terbaik bukan yang paling tebal, tapi yang bisa dibaca dalam sepuluh detik. | I36: motion/assets/app/dashboard.png → frontend/tmp/audit4/security.png | J36: impact | K36: Start Pre Check | L36: LinkedIn / YouTube | M36: M01

Sheet Rancangan Ads Meme
A1: ID | B1: Judul konsep | C1: Format / tren meme | D1: Kategori | E1: Tujuan utama | F1: Target persona | G1: Platform & durasi | H1: Hook (0–3 detik) | I1: Jenis hook | J1: Alur (per detik) | K1: Audio meme & SFX | L1: Efek VO | M1: Modul / layanan | N1: CTA | O1: Dasar fakta / klaim | P1: Relatable (1–10) | Q1: Awareness (1–10) | R1: Convert (1–10) | S1: Share (1–10) | T1: SKOR TOTAL | U1: Indeks viral | V1: Peringkat | W1: Effort produksi | X1: Risiko & catatan | Y1: Status | Z1: Waktu tayang terbaik | AA1: kunci
A2: A01 | B2: FAAAH: RoPA-nya masih Excel | C2: POV + suara "FAAAH" (gagal total) | D2: Tools | E2: Awareness → Konversi | F2: DPO, tim legal | G2: TikTok/Reels/Shorts 15–20 dtk | H2: Teks: "POV: auditor minta RoPA, kamu buka RoPA_final_revisi3_FIX.xlsx" | I2: Relate | J2: 0–3 dtk: laptop membuka file spreadsheet pelan-pelan 3–5: "Tidak merespons…" → "FAAAH" + zoom ke wajah DPO 😩 5–10: potong ke wizard RoPA Nexus (screenshot asli): satu register, kode ROPA otomatis, jejak audit 10–15: DPO 😎 + CTA | K2: "FAAAH" (rekam ulang tim) di detik 4 · vine boom saat "tidak merespons" · musik drop saat Nexus muncul | L2: — | M2: RoPA | N2: Start Pre Check (gratis) di privasimu.com | O2: Register terpusat, kode ROPA-TAHUN-NOMOR, log audit (fakta_produk: ropa) | P2: 9 | Q2: 8 | R2: 7 | S2: 8 | T2: =ROUND(Q2*W_AW+R2*W_CV+S2*W_SH,1) | U2: =ROUND((P2+S2)/2,1) | V2: =RANK(T2,$T$2:$T$49) | W2: Rendah | X2: Rendah. Jangan tampilkan logo/antarmuka spreadsheet bermerek | Y2: Bisa dibuat dari kit (varian N04) | Z2: Okt–Nov 2026 | AA2: =T2+ROW()/100000
A3: A02 | B3: Astaga, bercanda (Pak Bos edition) | C3: Chat + frasa viral "astaga, bercanda" (Agu–Sep 2026) | D3: Tools | E3: Awareness | F3: DPO, legal, pekerja kantoran | G3: TikTok/Reels 15 dtk | H3: Chat Pak Bos: "Kita sudah patuh UU PDP, kan?" | I3: Relate | J3: 0–3: chat masuk 3–7: "Sudah dong, Pak. 100% ✅" 7–9: "astaga, bercanda 😭" + vine boom + 💀 "kita cooked" 9–15: skor GAP Assessment asli: "cek skor kepatuhan yang beneran" + CTA | K3: vine boom · ketikan · auraDown | L3: Pak Bos: "berat" ringan | M3: GAP Assessment | N3: Cek skor kepatuhan: Start Pre Check | O3: GAP: kuesioner, skor, rencana remediasi (fakta_produk: gap-assessment) | P3: 9 | Q3: 8 | R3: 7 | S3: 9 | T3: =ROUND(Q3*W_AW+R3*W_CV+S3*W_SH,1) | U3: =ROUND((P3+S3)/2,1) | V3: =RANK(T3,$T$2:$T$49) | W3: Rendah | X3: Rendah | Y3: Sudah jadi (potongan N11) | Z3: Kapan saja | AA3: =T3+ROW()/100000
A4: A03 | B4: Hal yang bisa kamu bilang ke auditor | C4: "Things to Say" (Agu–Sep 2026) + "adalah pokoknya" | D4: Edukasi + Tools | E4: Awareness + Share | F4: DPO, auditor internal | G4: TikTok/Reels 20 dtk | H4: "Hal yang bisa kamu bilang ke auditor:" | I4: Reverse psychology | J4: Daftar 3 jawaban konyol: KTP di grup kantor · RoPA di kepala saya · "adalah pokoknya" → tiap jawaban "+1 temuan" → stempel JANGAN DITIRU → jawaban yang benar ada di Nexus: register, DPIA, log audit | K4: vine boom per jawaban · stamp · phonk cowbell (synth) | L4: Narator "berat" (gaya sigma) | M4: RoPA, DPIA, log audit | N4: Simpan & tag rekan tim | O4: Log audit & register terpusat (fakta_produk) | P4: 8 | Q4: 8 | R4: 6 | S4: 9 | T4: =ROUND(Q4*W_AW+R4*W_CV+S4*W_SH,1) | U4: =ROUND((P4+S4)/2,1) | V4: =RANK(T4,$T$2:$T$49) | W4: Rendah | X4: Rendah. Pastikan label "JANGAN DITIRU" jelas | Y4: Sudah jadi (potongan N11) | Z4: Kapan saja | AA4: =T4+ROW()/100000
A5: A04 | B5: Orang have vs haven't vs not yet | C5: Istilah gaul "orang have/haven't/not yet" (Sep 2026) | D5: Tools | E5: Awareness + Share | F5: DPO, pekerja kantoran | G5: TikTok/Reels 12–15 dtk | H5: "Ada orang have…" | I5: Relate | J5: Template 3 panel: have (RoPA lengkap) / haven't (RoPA masih spreadsheet) / not yet (DPO 🫠) → "jadi orang have: pakai Nexus" | K5: vine boom · buzzer · auraDown | L5: — | M5: RoPA, DPIA | N5: Jadi orang have: privasimu.com | O5: — | P5: 9 | Q5: 9 | R5: 6 | S5: 8 | T5: =ROUND(Q5*W_AW+R5*W_CV+S5*W_SH,1) | U5: =ROUND((P5+S5)/2,1) | V5: =RANK(T5,$T$2:$T$49) | W5: Rendah | X5: Rendah | Y5: Sudah jadi (potongan N11) | Z5: Okt 2026 (selagi tren) | AA5: =T5+ROW()/100000
A6: A05 | B6: Borgol 3×24 jam yang kebesaran | C6: Borgol kebesaran yang gampang lepas (Sep 2026), digambar ulang | D6: Tools | E6: Awareness → Konversi | F6: DPO, IT security, CISO | G6: Reels/Shorts 15–20 dtk | H6: "Jam 3 pagi: dugaan kebocoran data." | I6: Anomali | J6: Layar kunci 03.00 → borgol raksasa "3 X 24 JAM" jatuh → "Tenang" borgol melorot → modul insiden asli: 5 fase, hitung mundur, templat pemberitahuan | K6: notifikasi · clank · slide whistle · "FAAAH" opsional saat borgol jatuh | L6: — | M6: Manajemen Insiden | N6: Latih tim sebelum insiden: minta demo | O6: UU PDP Ps. 46 jo. PP 33/2026 Ps. 114; fakta_produk: breach | P6: 8 | Q6: 7 | R6: 8 | S6: 7 | T6: =ROUND(Q6*W_AW+R6*W_CV+S6*W_SH,1) | U6: =ROUND((P6+S6)/2,1) | V6: =RANK(T6,$T$2:$T$49) | W6: Rendah | X6: Rendah | Y6: Sudah jadi (potongan N11) | Z6: Nov 2026 | AA6: =T6+ROW()/100000
A7: A06 | B7: Polyester Edit: 1 DPO, semua modul | C7: "Polyester Edit" (Sep 2026) | D7: Tools | E7: Awareness | F7: DPO, IT, legal | G7: TikTok/Reels 10–12 dtk | H7: "Kalau DPO punya polyester edit:" | I7: Anomali | J7: DPO diam di depan, layar asli Nexus berganti liar di belakang → kolase "SEMUA NYAMBUNG" | K7: funk Brasil (synth) · hit per potongan · aura | L7: — | M7: Semua modul | N7: Lihat demonya | O7: Modul saling terhubung (fakta_produk: platform) | P7: 6 | Q7: 8 | R7: 7 | S7: 7 | T7: =ROUND(Q7*W_AW+R7*W_CV+S7*W_SH,1) | U7: =ROUND((P7+S7)/2,1) | V7: =RANK(T7,$T$2:$T$49) | W7: Rendah | X7: Rendah | Y7: Sudah jadi (potongan N11) | Z7: Okt–Nov 2026 | AA7: =T7+ROW()/100000
A8: A07 | B8: Kinda chic to… (DPO edition) | C8: "Kinda chic to…" (tren caption Sep 2026) | D8: Tools / Brand | E8: Awareness (LinkedIn) | F8: DPO senior, compliance lead | G8: LinkedIn/Instagram 10–15 dtk | H8: "Kinda chic to… lapor insiden tepat waktu." | I8: Logika dipatahkan | J8: 3–5 baris "kinda chic to…" + dasbor asli di laptop → CTA | K8: lo-fi · ding lembut | L8: — | M8: Dasbor, insiden, RoPA | N8: Kinda chic to be ready: privasimu.com | O8: PP 33/2026 berlaku 16 Jan 2027 | P8: 7 | Q8: 7 | R8: 7 | S8: 8 | T8: =ROUND(Q8*W_AW+R8*W_CV+S8*W_SH,1) | U8: =ROUND((P8+S8)/2,1) | V8: =RANK(T8,$T$2:$T$49) | W8: Rendah | X8: Rendah | Y8: Sudah jadi (potongan N11) | Z8: Nov–Des 2026 | AA8: =T8+ROW()/100000
A9: A08 | B9: EMOTIONAL DAMAGE: denda 2% | C9: Frasa "emotional damage" (direkam ulang tim, tanpa meniru logat/persona) | D9: Konsultasi + Tools | E9: Konversi | F9: Direksi, CFO | G9: Reels/LinkedIn 15 dtk | H9: "CFO membaca: denda administratif hingga 2% dari pendapatan tahunan" | I9: Anomali | J9: CFO 😳 → teriakan "EMOTIONAL DAMAGE!" + dun dun dun → Paparan Sanksi Nexus memetakan pasal bersanksi ke modul → CTA konsultasi | K9: rekaman tim "emotional damage" · dun dun dun | L9: Teks sanksi: "berat" | M9: Paparan Sanksi Administratif | N9: Jadwalkan konsultasi program siap PP 33 | O9: UU PDP Ps. 57 (denda maks. 2% pendapatan tahunan); fakta_produk: paparan sanksi | P9: 7 | Q9: 8 | R9: 8 | S9: 7 | T9: =ROUND(Q9*W_AW+R9*W_CV+S9*W_SH,1) | U9: =ROUND((P9+S9)/2,1) | V9: =RANK(T9,$T$2:$T$49) | W9: Sedang | X9: Sedang. Frasa populer milik kreator lain: rekam dengan suara sendiri, jangan tiru logat/etnis | Y9: Baru (kit) | Z9: Nov 2026 (musim anggaran) | AA9: =T9+ROW()/100000
A10: A09 | B10: Nobody: / Marketing jam 5 sore | C10: "Nobody:" + reaksi "HAH?" | D10: Tools | E10: Awareness + Share | F10: Marketing, DPO | G10: TikTok/Reels 15 dtk | H10: "Nobody: / Marketing jam 5 sore: 'blast promo ke semua nomor di database ya!'" | I10: Relate | J10: DPO: "consent-nya ada?" → marketing: "consent itu apa?" → "HAH?" → Consent Nexus: log persetujuan + bukti, penarikan tersebar ke semua sistem | K10: "HAH?" (rekam tim) · vine boom · jangkrik | L10: — | M10: Consent & Cookie | N10: Tag tim marketing kalian | O10: fakta_produk: consent (log + bukti, penarikan via API/webhook) | P10: 9 | Q10: 8 | R10: 7 | S10: 9 | T10: =ROUND(Q10*W_AW+R10*W_CV+S10*W_SH,1) | U10: =ROUND((P10+S10)/2,1) | V10: =RANK(T10,$T$2:$T$49) | W10: Rendah | X10: Rendah. Jangan sebut merek aplikasi chat tertentu | Y10: Baru (kit, mirip N05) | Z10: Des 2026 (musim promo 12.12) | AA10: =T10+ROW()/100000
A11: A10 | B11: Tolong hapus data saya → LARIII | C11: Panik "RUN" (rekam ulang: "LARIII!") | D11: Tools | E11: Awareness → Konversi | F11: Customer service, DPO | G11: Reels/Shorts 15 dtk | H11: Email masuk: "Tolong hapus data saya 🙏" | I11: Relate | J11: Seluruh kantor lari 🏃 "LARIII!" → DPO tenang buka DSR Nexus: tenggat 72 jam otomatis, verifikasi identitas, draf jawaban AI | K11: "LARIII!" (rekam tim) · whoosh · detak jam | L11: — | M11: DSR | N11: Coba alur DSR di demo | O11: fakta_produk: dsr (tenggat 72 jam, verifikasi, draf AI) | P11: 8 | Q11: 7 | R11: 8 | S11: 7 | T11: =ROUND(Q11*W_AW+R11*W_CV+S11*W_SH,1) | U11: =ROUND((P11+S11)/2,1) | V11: =RANK(T11,$T$2:$T$49) | W11: Rendah | X11: Rendah | Y11: Bisa dari N05 | Z11: Okt 2026 | AA11: =T11+ROW()/100000
A12: A11 | B12: HAH? Data pribadi spesifik itu apa? | C12: Reaksi "huh?" | D12: Edukasi + Tools | E12: Awareness | F12: Karyawan umum, HR | G12: Reels/Shorts 15 dtk | H12: "Data pribadi spesifik itu apa?" "HAH?" | I12: Relate | J12: Daftar cepat: kesehatan, biometrik, genetika, catatan kejahatan, data anak, keuangan pribadi → di Nexus: data spesifik otomatis risiko TINGGI + draf DPIA | K12: "HAH?" (rekam tim) · pop per item | L12: "HAH?" bisa pakai efek "tupai" | M12: RoPA → DPIA otomatis | N12: Simpan & bagikan ke tim | O12: UU PDP Ps. 4 ayat (2); fakta_produk: ropa (spesifik → TINGGI → draf DPIA) | P12: 7 | Q12: 7 | R12: 6 | S12: 7 | T12: =ROUND(Q12*W_AW+R12*W_CV+S12*W_SH,1) | U12: =ROUND((P12+S12)/2,1) | V12: =RANK(T12,$T$2:$T$49) | W12: Rendah | X12: Rendah | Y12: Baru (kit) | Z12: Kapan saja | AA12: =T12+ROW()/100000
A13: A12 | B13: Tell me you're a DPO without telling me | C13: Format "tell me … without telling me" | D13: Brand / komunitas | E13: Share | F13: DPO, legal | G13: TikTok/Reels 10–15 dtk | H13: "Tell me you're a DPO without telling me" | I13: Relate | J13: 4 kebiasaan: nyensor KTP di grup · nanya "dasar pemrosesannya apa?" · takut file FINAL_final · hafal "3×24 jam" → end card Nexus | K13: pop · vine boom di akhir | L13: — | M13: Brand | N13: Tag DPO kantormu 👇 | O13: — | P13: 9 | Q13: 9 | R13: 4 | S13: 10 | T13: =ROUND(Q13*W_AW+R13*W_CV+S13*W_SH,1) | U13: =ROUND((P13+S13)/2,1) | V13: =RANK(T13,$T$2:$T$49) | W13: Rendah | X13: Rendah | Y13: Baru (kit) | Z13: Okt 2026 | AA13: =T13+ROW()/100000
... A49: A48 | B49: #RoPA60Detik challenge | C49: Speedrun challenge | D49: Tools | E49: Awareness + Konversi | F49: DPO, legal | G49: TikTok/Reels 30–60 dtk | H49: "Bisa isi 1 RoPA dalam 60 detik?" | I49: Reverse psychology | J49: Timer 60 dtk: wizard RoPA + isi otomatis AI → selesai → tantang rekan | K49: detak jam · level up | L49: — | M49: RoPA (isi otomatis AI) | N49: Coba di demo, tag rekanmu | O49: fakta_produk: ropa (isi otomatis AI). Catatan waktu HARUS diukur nyata sebelum diklaim | P49: 7 | Q49: 8 | R49: 8 | S49: 8 | T49: =ROUND(Q49*W_AW+R49*W_CV+S49*W_SH,1) | U49: =ROUND((P49+S49)/2,1) | V49: =RANK(T49,$T$2:$T$49) | W49: Sedang (rekam layar demo) | X49: Sedang. Klaim waktu harus terukur | Y49: Baru | Z49: Nov 2026 | AA49: =T49+ROW()/100000

Sheet Screenshot per Modul
A1: Inventaris screenshot per modul
A2: Semua path relatif dari D:\AI\privasimu. Screenshot = tampilan frontend LAMA (boleh dipakai). "Kurasi" = motion/assets/app (sudah crop & blur, siap pakai; dibuat oleh motion/lib/app-shots.js). "Data demo" = dataroom/03-tenant (lebar 1264): Blur blok user sidebar [0,470,262,140] atau crop mulai x=262. "UI terbaru" = frontend/tmp/audit4 (lebar 1440, org uji & banyak yang kosong): Blur nama org [300,22,200,26]; buang sidebar (x<200).
A4: Modul | B4: Path | C4: Sumber | D4: Isi | E4: Status | F4: Catatan crop / blur
A5: Dasbor | B5: motion/assets/app/dashboard.png | C5: Kurasi | D5: Sambutan, skor GAP 81%, DSR, insiden, ringkasan modul | E5: Siap | F5: Sudah crop & blur
A6: Dasbor | B6: motion/assets/app/dashboard-postur.png | C6: Kurasi | D6: Tren bulanan + Compliance Score | E6: Siap
A7: Dasbor | B7: motion/assets/app/dashboard-risiko.png | C7: Kurasi | D7: Heatmap DPIA 5×5 + Top Risks | E7: Siap
A8: Dasbor | B8: motion/assets/app/dashboard-sla.png | C8: Kurasi | D8: Waktu respons DSR, linimasa insiden, adopsi consent | E8: Siap
A9: Postur privasi | B9: frontend/tmp/audit4/security.png | C9: UI terbaru | D9: Privacy Posture Score 56 "Cukup", 3 lapisan, tren 30 hari | E9: Perlu blur | F9: Blur nama org [300,22,200,26]; buang sidebar (x<200)
A10: Postur privasi | B10: dataroom/03-tenant/security/01-overview.png | C10: Data demo | D10: Skor 33 "Critical" (cocok untuk adegan "masalah") | E10: Perlu blur | F10: Blur blok user sidebar [0,470,262,140] atau crop mulai x=262
A11: GAP | B11: dataroom/03-tenant/gap-assessment/01-overview.png | C11: Data demo | D11: 4 asesmen, skor 81% & 73%, grafik | E11: Perlu blur | F11: Blur blok user sidebar [0,470,262,140] atau crop mulai x=262
A12: GAP | B12: motion/assets/app/gap-hasil.png | C12: Kurasi | D12: Hasil 81% + statistik per area | E12: Siap
A13: GAP | B13: motion/assets/app/gap-rekomendasi.png | C13: Kurasi | D13: Rekomendasi per pasal + AI Remediation Plan | E13: Siap
A14: Maturity | B14: dataroom/03-tenant/maturity/02-recheck.png | C14: Data demo | D14: Level 3 – Managed, skor domain, tren | E14: Perlu blur | F14: Blur blok user sidebar [0,470,262,140] atau crop mulai x=262
A15: Maturity | B15: frontend/tmp/audit4/maturity.png | C15: UI terbaru | D15: Kosong ("Belum ada assessment") | E15: Kosong | F15: Jangan dipakai
A16: RoPA | B16: motion/assets/app/ropa-baru.png | C16: Kurasi | D16: Modal Buat RoPA Baru | E16: Siap
A17: RoPA | B17: motion/assets/app/ropa-data-spesifik.png | C17: Kurasi | D17: Daftar data pribadi spesifik | E17: Siap
A18: RoPA | B18: motion/assets/app/ropa-tersimpan.png | C18: Kurasi | D18: Notifikasi tersimpan + daftar | E18: Siap
A19: RoPA | B19: motion/assets/app/ropa-list-baru.png | C19: Kurasi | D19: Register RoPA (UI terbaru) | E19: Siap
A20: RoPA | B20: dataroom/03-tenant/ropa/03-review-mode-waiting.png | C20: Data demo | D20: Detail pemrosesan (menunggu) + DPO/Team | E20: Perlu crop | F20: Bagian DPO/Team memuat EMAIL: crop hanya [262,40,1002,420]
A21: RoPA | B21: dataroom/03-tenant/ropa/16-export-pdf-result.png | C21: Data demo | D21: Daftar RoPA + progres & level risiko | E21: Perlu blur | F21: Blur blok user sidebar [0,470,262,140] atau crop mulai x=262
A22: RoPA | B22: frontend/tmp/audit4/vendor-risk__ropa-pihak-ketiga.png | C22: UI terbaru | D22: Minta pihak ketiga mengisi RoPA (tautan) | E22: Perlu blur | F22: Blur nama org [300,22,200,26]; buang sidebar (x<200)
A23: DPIA | B23: motion/assets/app/dpia-list.png | C23: Kurasi | D23: Daftar DPIA | E23: Siap
A24: DPIA | B24: motion/assets/app/dpia-list-baru.png | C24: Kurasi | D24: Daftar DPIA (UI terbaru) | E24: Siap
A25: DPIA | B25: motion/assets/app/dpia-risiko.png | C25: Kurasi | D25: Wizard potensi risiko | E25: Siap
A26: DPIA | B26: dataroom/03-tenant/dpia/07-wizard-step4-audit.png | C26: Data demo | D26: Langkah audit + tombol "Lanjutkan dengan AI" | E26: Perlu blur | F26: Blur blok user sidebar [0,470,262,140] atau crop mulai x=262
A27: Risk Treatment Plan | B27: dataroom/03-tenant/risk-treatment-plan/01-overview.png | C27: Data demo | D27: Tabel mitigasi (event, DPIA, prioritas, status) | E27: Perlu blur | F27: BLUR kolom Owner & filter owner (nama orang). Blur blok user sidebar [0,470,262,140] atau crop mulai x=262
A28: LIA | B28: dataroom/03-tenant/lia/01-overview.png | C28: Data demo | D28: Kosong (memuat) | E28: Kosong | F28: Jangan dipakai
A29: LIA | B29: frontend/tmp/audit4/lia.png | C29: UI terbaru | D29: Header + subjudul (daftar kosong) | E29: Hanya header | F29: AMBIL SCREENSHOT BARU dengan 2–3 LIA contoh
A30: TIA | B30: dataroom/03-tenant/tia/01-overview.png | C30: Data demo | D30: 11 TIA, negara tujuan Jepang/Singapura, status | E30: Perlu blur | F30: Blur blok user sidebar [0,470,262,140] atau crop mulai x=262
A31: Transfer lintas negara | B31: dataroom/03-tenant/cross-border/01-overview.png | C31: Data demo | D31: Register transfer, peta negara, skor TIA | E31: Perlu blur | F31: BLUR kolom Entitas Tujuan (ada merek penyedia cloud). Blur blok user sidebar [0,470,262,140] atau crop mulai x=262
A32: DSR | B32: motion/assets/app/dsr-form.png | C32: Kurasi | D32: Modal Buat DSR (kanban diburamkan) | E32: Siap
A33: DSR | B33: motion/assets/app/dsr-detail.png | C33: Kurasi | D33: Header detail, pil "7h tersisa" | E33: Siap
A34: DSR | B34: dataroom/03-tenant/dsr/06-tab-scope.png | C34: Data demo | D34: Pilih sistem (scope) | E34: Perlu blur | F34: Blur blok user sidebar [0,470,262,140] atau crop mulai x=262
A35: DSR | B35: dataroom/03-tenant/dsr/07-tab-sqlpack.png | C35: Data demo | D35: Generate SQL Pack | E35: Perlu blur | F35: Blur blok user sidebar [0,470,262,140] atau crop mulai x=262
A36: DSR | B36: dataroom/03-tenant/dsr/09-tab-certificates.png | C36: Data demo | D36: Sertifikat pemohon & internal | E36: Perlu blur | F36: Blur blok user sidebar [0,470,262,140] atau crop mulai x=262
A37: DSR | B37: dataroom/03-tenant/dsr/01-overview.png | C37: Data demo | D37: Daftar tiket + aplikasi | E37: Jangan dipakai | F37: Ada nama merek bank nyata di daftar aplikasi
A38: DSR | B38: frontend/tmp/audit4/dsr-apps.png | C38: UI terbaru | D38: Aplikasi DSR (1 baris "E2E App") | E38: Perlu blur | F38: Blur nama org [300,22,200,26]; buang sidebar (x<200)
A39: Consent | B39: dataroom/03-tenant/consent/01-overview.png | C39: Data demo | D39: Collection point + jumlah item | E39: Perlu blur | F39: BLUR kolom Domain. Blur blok user sidebar [0,470,262,140] atau crop mulai x=262
A40: Consent | B40: dataroom/03-tenant/consent/03-embed-code.png | C40: Data demo | D40: Detail collection point, tab log/analytics/widget | E40: Perlu blur | F40: BLUR URL. Blur blok user sidebar [0,470,262,140] atau crop mulai x=262
A41: Consent | B41: motion/assets/app/consent-detail.png | C41: Kurasi | D41: Integrasi: embed, preference center, API, webhook | E41: Siap | F41: API key & user sudah diburamkan
A42: Consent | B42: frontend/tmp/audit4/consent__preview.png | C42: UI terbaru | D42: Preview Cookie Banner & Consent Form | E42: Perlu blur | F42: Blur nama org [300,22,200,26]; buang sidebar (x<200)
A43: Cookie | B43: dataroom/03-tenant/cookie/01-overview.png | C43: Data demo | D43: KPI 6 collection point, 43 item, 31 catatan + tabel | E43: Hanya KPI | F43: Tabel memuat nama layanan & domain nyata: JANGAN tampilkan
A44: Children Pro | B44: motion/assets/app/children-pro.png | C44: Kurasi | D44: Judul & tab Kewenangan Wali/Menunggu/Peralihan | E44: Siap
A45: Children Pro | B45: frontend/tmp/audit4/consent-guardian.png | C45: UI terbaru | D45: Tab titik pengumpulan, wali, verifikasi, DSR anak (kosong) | E45: Hanya header | F45: AMBIL SCREENSHOT BARU dengan data fiktif
A46: Inclusive Privacy | B46: motion/assets/app/inclusive-privacy.png | C46: Kurasi | D46: Judul & tab | E46: Siap
A47: Inclusive Privacy | B47: frontend/tmp/audit4/consent-accessibility.png | C47: UI terbaru | D47: Tab aksesibilitas, DSR disabilitas (kosong) | E47: Hanya header | F47: AMBIL SCREENSHOT BARU
A48: Insiden | B48: motion/assets/app/breach-detail.png | C48: Kurasi | D48: Detail insiden + stepper 5 fase | E48: Siap
A49: Insiden | B49: motion/assets/app/breach-fase.png | C49: Kurasi | D49: Fase 1: checklist | E49: Siap
A50: Insiden | B50: motion/assets/app/breach-aksi.png | C50: Kurasi | D50: Template, RACI, War Room, PICAPA, SIEM/SOAR, PDF | E50: Siap
A51: Insiden | B51: motion/assets/app/breach-ai.png | C51: Kurasi | D51: AI Incident Response Advisor | E51: Siap
A52: Insiden | B52: motion/assets/app/breach-list-baru.png | C52: Kurasi | D52: Daftar insiden (UI terbaru) | E52: Siap
A53: Fire Drill | B53: dataroom/03-tenant/simulation/02-recheck.png | C53: Data demo | D53: Banner + daftar skenario, skor, rating | E53: Perlu crop | F53: Kartu "Rata-rata skor" menampilkan angka tidak valid: buang. BLUR kolom User
A54: Fire Drill | B54: motion/assets/app/fire-drill-header.png | C54: Kurasi | D54: Banner Fire Drill (UI terbaru) | E54: Siap
A55: Pihak ketiga | B55: dataroom/03-tenant/vendor-risk/01-overview.png | C55: Data demo | D55: 15 pihak ketiga, risiko kritis, tabel | E55: Perlu blur | F55: BLUR kolom Penanggung Jawab. Blur blok user sidebar [0,470,262,140] atau crop mulai x=262
A56: Pihak ketiga | B56: dataroom/03-tenant/vendor-risk/02-bank-pertanyaan.png | C56: Data demo | D56: Template 56 pertanyaan kepatuhan PDP | E56: Perlu blur | F56: Blur blok user sidebar [0,470,262,140] atau crop mulai x=262
A57: Pihak ketiga | B57: dataroom/03-tenant/vendor-risk/07-detail-pihakketiga.png | C57: Data demo | D57: Detail + skor AI 49 High | E57: Perlu blur | F57: BLUR baris Website
A58: Pihak ketiga | B58: dataroom/03-tenant/vendor-risk/08-mulai-asesmen-modal.png | C58: Data demo | D58: Kirim pra-asesmen & tautan publik | E58: Siap (crop modal) | F58: Crop modal [470,40,760,520]
A59: Data Discovery | B59: dataroom/03-tenant/data-discovery/01-overview.png | C59: Data demo | D59: 6 sistem, 187 PII, status scan | E59: Perlu blur | F59: Blur blok user sidebar [0,470,262,140] atau crop mulai x=262
A60: Data Discovery | B60: dataroom/03-tenant/data-discovery/03-system-detail.png | C60: Data demo | D60: Form kredensial database | E60: Jangan dipakai | F60: Form kredensial
A61: Data Discovery | B61: frontend/tmp/audit4/data-discovery__scan-results.png | C61: UI terbaru | D61: Riwayat scan person (kosong) | E61: Kosong | F61: AMBIL SCREENSHOT BARU hasil scan satu orang
A62: Telaah kebijakan | B62: motion/assets/app/policy-review.png | C62: Kurasi | D62: Ringkasan kesesuaian & daftar dokumen | E62: Siap
A63: Telaah kebijakan | B63: frontend/tmp/audit4/policy-review__60c9fc83-b09e-4399-ab4f-dbe083655bd7.png | C63: UI terbaru | D63: Hasil telaah "SOP Respons Insiden Data" 38% | E63: Perlu blur | F63: Blur nama org [300,22,200,26]; buang sidebar (x<200)
A64: Telaah kebijakan | B64: dataroom/03-tenant/policy-review/01-overview.png | C64: Data demo | D64: Daftar telaah | E64: Jangan dipakai | F64: Kartu skor tidak wajar & judul dokumen bisa nama perusahaan nyata
A65: Policy Generator | B65: frontend/tmp/audit4/policy-generator__new.png | C65: UI terbaru | D65: Wizard: audiens & bahasa | E65: Perlu blur | F65: Blur nama org [300,22,200,26]; buang sidebar (x<200)
A66: Telaah kontrak | B66: frontend/tmp/audit4/contract-review.png | C66: UI terbaru | D66: Portofolio 38%, pasal sering belum dipenuhi, DPA "PT Awan" | E66: Perlu blur | F66: Blur nama org [300,22,200,26]; buang sidebar (x<200)
A67: Telaah kontrak | B67: frontend/tmp/audit4/contract-review__kerangka.png | C67: UI terbaru | D67: Kerangka pembanding: UU PDP 76 pasal, PP 33 225 pasal | E67: Perlu blur | F67: Blur nama org [300,22,200,26]; buang sidebar (x<200)
A68: Telaah kontrak | B68: frontend/tmp/audit4/contract-review__fca95cc6-55c3-45b6-a3b8-c39d89683396.png | C68: UI terbaru | D68: Hasil telaah DPA + rekomendasi | E68: Perlu blur | F68: Blur nama org [300,22,200,26]; buang sidebar (x<200)
A69: Telaah kontrak | B69: dataroom/03-tenant/contract-review/01-overview.png | C69: Data demo | D69: Daftar kontrak | E69: Jangan dipakai | F69: Kartu skor tidak wajar & nama file dokumen nyata
A70: Document Maker | B70: frontend/tmp/audit4/document-maker__9340d5be-074b-428a-bb7a-9bc61a2dce2e.png | C70: UI terbaru | D70: Dokumen "Kebijakan Respons Insiden" | E70: Perlu blur | F70: Blur nama org [300,22,200,26]; buang sidebar (x<200) + nama org di kop dokumen
A71: Document Import | B71: dataroom/03-tenant/document-import/01-overview.png | C71: Data demo | D71: Document Intelligence: unggah & format | E71: Perlu blur | F71: Blur blok user sidebar [0,470,262,140] atau crop mulai x=262
A72: Priva AI | B72: motion/assets/app/ai-agent-home.png | C72: Kurasi | D72: Sapaan, chip modul, saran pertanyaan | E72: Siap
A73: Priva AI | B73: motion/assets/app/ai-agent-chat.png | C73: Kurasi | D73: Jawaban Priva | E73: Siap
A74: Knowledge Base | B74: frontend/tmp/audit4/knowledge-base.png | C74: UI terbaru | D74: Daftar entri KB + Tambah KB Tenant | E74: Perlu blur | F74: Blur nama org [300,22,200,26]; buang sidebar (x<200)
A75: Holding | B75: motion/assets/app/holding-header.png | C75: Kurasi | D75: Judul & tab (tanpa data grup) | E75: Siap
A76: Holding | B76: dataroom/03-tenant/holding-dashboard/01-overview.png | C76: Data demo | D76: KPI grup + daftar entitas | E76: Hanya KPI | F76: Jangan tampilkan daftar entitas
A77: Holding | B77: dataroom/02-superadmin/holding-dashboard/* | C77: Superadmin | D77: Matriks & pohon grup | E77: JANGAN DIPAKAI | F77: Berisi nama perusahaan nyata
A78: PPDP | B78: frontend/tmp/audit4/ppdp.png | C78: UI terbaru | D78: Teralih ke dasbor | E78: Tidak ada | F78: AMBIL SCREENSHOT BARU halaman /ppdp
A79: Paparan sanksi | B79: frontend/tmp/audit4/sanctions.png | C79: UI terbaru | D79: Teralih ke dasbor | E79: Tidak ada | F79: AMBIL SCREENSHOT BARU (cek rute)
A80: DPO Academy | B80: motion/assets/app/dpo-academy.png | C80: Kurasi | D80: 4 kartu kursus | E80: Siap
A81: DPO Academy | B81: dataroom/03-tenant/learn/01-overview.png | C81: Data demo | D81: Beranda Academy + sertifikat | E81: Perlu blur | F81: BLUR "Selamat datang, <nama>"
A82: DPO Academy | B82: frontend/tmp/audit4/learn__badges.png | C82: UI terbaru | D82: Lencana & XP | E82: Perlu blur | F82: Blur nama org [300,22,200,26]; buang sidebar (x<200)
A84: Screenshot yang perlu diambil baru (data dummy, tanpa nama/merek nyata)
A85: Modul | B85: Halaman / rute | C85: Yang perlu tampil | D85: Dipakai di
A86: LIA | B86: /lia | C86: 2–3 LIA contoh (Draft, Submitted, Approved) + halaman detail penilaian (tujuan, kebutuhan, keseimbangan) | D86: M06, P24
A87: PPDP | B87: /ppdp | C87: Penunjukan PPDP dengan data fiktif (nama, SK, cakupan) | D87: M20
A88: Paparan sanksi | B88: cek rute modul paparan sanksi | C88: Pemetaan pasal bersanksi → modul, dengan status | D88: M20, P29
A89: Holding | B89: /holding-dashboard (tenant demo) | C89: Compliance score per entitas, matriks, pohon: SEMUA nama entitas fiktif | D89: M21, P25
A90: Children Pro | B90: /consent-guardian | C90: Data wali & anak fiktif, contoh verifikasi & peralihan | D90: M09
A91: Inclusive Privacy | B91: /consent-accessibility | C91: Contoh pengaturan aksesibilitas & DSR disabilitas | D91: M10
A92: Data Discovery | B92: /data-discovery → Scan Pencarian Person | C92: Hasil pencarian satu orang fiktif di beberapa sistem | D92: M15
A93: Umum | B93: semua modul (UI terbaru) | C93: Idealnya ambil ulang semua modul di tenant demo berdata dummy (UI terbaru), resolusi 1440×900 & 1920×1080, tanpa nama/merek nyata | D93: Semua

Sheet Bank Sound Meme
A1: Bank sound meme: hasil cek myinstants.com/en/search/?name=meme (36 tombol, halaman 1)
A2: PENTING: Ketentuan Penggunaan myinstants hanya memberi izin akses untuk penggunaan PRIBADI & NONKOMERSIAL, dan suaranya unggahan pengguna tanpa lisensi dari pemilik asli (mis. "Faaaah by Taileons"). Jadi file aslinya TIDAK dipakai untuk iklan. Pakai kolom "Versi aman": synth orisinal di motion/lib/audio.js atau rekaman ulang tim di motion/sfx-kustom/.
A4: No | B4: Nama di myinstants | C4: Tautan | D4: Jenis | E4: Momen di alur iklan | F4: Risiko hak / merek | G4: Versi aman | H4: Nama di scenes.js ('sfx') | I4: Status versi aman | J4: Dipakai di konsep
A5: 1 | B5: Meme | C5: https://www.myinstants.com/en/instant/meme/ | D5: Vokal ("are you out of your mind?") | E5: Saat ada usul praktik data yang ngawur | F5: Tinggi: rekaman orang lain | G5: Rekam ulang tim: "Kamu gila, ya?" | H5: sfx-kustom/gila.wav → 'file:gila' | I5: Perlu rekaman tim → motion/sfx-kustom/ | J5: A09, A29
A6: 2 | B6: FAAAH | C6: https://www.myinstants.com/en/instant/faaah-63455/ | D6: Vokal teriakan frustrasi ("Faaaah by Taileons") | E6: Momen gagal total / ketahuan belum patuh | F6: Tinggi: rekaman kreator (Taileons), tanpa lisensi komersial | G6: Rekam ulang tim (teriak panjang "FAAAH") atau ElevenLabs v3 dengan tag [shouts] | H6: sfx-kustom/faah.wav → 'file:faah' | I6: Perlu rekaman tim → motion/sfx-kustom/ | J6: A01, A05, A14, A19, A21, A24, A27, A29, A44, A45
A7: 3 | B7: Sad Violin (the meme one) | C7: https://www.myinstants.com/en/instant/sad-violin-the-meme-one/ | D7: Musik (cuplikan game/rekaman) | E7: Momen sedih-lebay | F7: Tinggi: rekaman berhak cipta | G7: Synth orisinal "sadviolin" (melodi sendiri) | H7: 'sadviolin' | I7: Siap di pipeline | J7: A14, A36, A41
A8: 4 | B8: Among Us role reveal sound | C8: https://www.myinstants.com/en/instant/among-us-role-reveal-sound-34956/ | D8: SFX game | E8: Pengungkapan "pelaku" | F8: Tinggi: aset game (IP) | G8: Synth orisinal "reveal" | H8: 'reveal' | I8: Siap di pipeline | J8: A39
A9: 5 | B9: Error SOUNDSS | C9: https://www.myinstants.com/en/instant/error-soundss-25534/ | D9: SFX error sistem | E9: Salah input / password lemah | F9: Sedang: suara sistem operasi bermerek | G9: Synth orisinal "error" | H9: 'error' | I9: Siap di pipeline | J9: A29
A10: 6 | B10: baby laughing meme | C10: https://www.myinstants.com/en/instant/baby-laughing-meme-56428/ | D10: Vokal bayi (orang nyata) | E10: Tertawa | F10: Tinggi: suara anak nyata (data pribadi + hak) | G10: Hindari; pakai tawa tim dewasa bila perlu | H10: — | I10: Hindari | J10: —
A11: 7 | B11: Punch Sound | C11: https://www.myinstants.com/en/instant/punch-sound-86161/ | D11: SFX pukulan | E11: Pukulan telak (fakta keras) | F11: Sedang: sumber tidak jelas | G11: Synth "hit" / "impact" (sudah ada) | H11: 'hit' · 'impact' | I11: Siap di pipeline | J11: A08
A12: 8 | B12: spiderman meme song | C12: https://www.myinstants.com/en/instant/spiderman-meme-song-37638/ | D12: Lagu | E12: — | F12: Tinggi: lagu berhak cipta | G12: Hindari | H12: — | I12: Hindari | J12: —
A13: 9 | B13: instagram thud (vine boom) | C13: https://www.myinstants.com/en/instant/instagram-thud-55328/ | D13: SFX "bwoom" | E13: Punchline / reveal | F13: Sedang: rekaman asli tak berlisensi | G13: Synth "vineboom" (sudah ada) | H13: 'vineboom' | I13: Siap di pipeline | J13: A02, A03, A09, A33, A39
A14: 10 | B14: Shocked sound | C14: https://www.myinstants.com/en/instant/shocked-sound-37548/ | D14: SFX kaget | E14: Kaget | F14: Sedang | G14: Synth orisinal "shock" | H14: 'shock' | I14: Siap di pipeline | J14: A08, A26
A15: 11 | B15: dun dun dunnnnnnnn | C15: https://www.myinstants.com/en/instant/dun-dun-dunnnnnnnn-68584/ | D15: SFX dramatis | E15: Fakta menakutkan (denda, akses) | F15: Sedang | G15: Synth "dundun" (sudah ada) | H15: 'dundun' | I15: Siap di pipeline | J15: A08, A13, A25, A38, A42
A16: 12 | B16: Звук фотоаппарата (shutter) | C16: https://www.myinstants.com/en/instant/zvuk-fotoapparata-61186/ | D16: SFX kamera | E16: Freeze frame / bukti | F16: Rendah–sedang | G16: Synth "shutter" (sudah ada) | H16: 'shutter' | I16: Siap di pipeline | J16: A17
... A40: 36 | B40: DEJA VU MEME | C40: https://www.myinstants.com/en/instant/deja-vu-meme-13405/ | D40: Lagu (eurobeat) | E40: Revisi yang terulang | F40: Tinggi: lagu berhak cipta | G40: Synth orisinal "eurobeat" (sting cepat) | H40: 'eurobeat' | I40: Siap di pipeline | J40: A14, A41
A42: Cara rekam suara meme versi tim
